1-PFA-1-1,1-PFA-2-1,1-PFA-3-1,1-PID-1-1,1-PID-2-1,1-PID-3-1
1.9109239130434783,0.8722101449275362,0.6835170807453417,0.05459807692307694,0.03914679487179487,0.02825769230769232
0.5996713250517599,0.3927329192546584,0.497129917184265,0.0060275641025641065,0.0073442307692307566,0.007490384615384626
0.05459679089026916,0.053809782608695664,0.0853592132505176,0.0011044871794871787,0.0015628205128205145,0.0015108974358974331
1.536055900621118,0.7245910973084887,0.6997049689440994,0.028385256410256406,0.028028846153846147,0.02649871794871793
0.8085973084886129,0.3248369565217392,0.40744047619047613,0.030926923076923067,0.03261025641025643,0.028194230769230763
0.04351138716356108,0.039479554865424434,0.07024792960662526,0.0018166666666666687,0.0027980769230769157,0.0023641025641025657
1.2682194616977227,0.4297981366459628,0.4968426501035197,0.04225467948717948,0.037256410256410265,0.03223717948717949
0.07596842650103519,0.06952355072463769,0.09146816770186336,0.001940384615384625,0.0025621794871794933,0.0021980769230769246
1.8293607660455489,0.7169927536231885,0.7833281573498965,0.07176538461538462,0.06331858974358973,0.051246794871794864
1.6164285714285718,0.9687577639751556,1.0180124223602485,0.01662051282051281,0.019456410256410255,0.021622435897435902
0.08836904761904762,0.055708074534161496,0.06767132505175984,0.0012346153846153993,0.001560897435897442,0.0014021153846153784
0.5590372670807454,0.26807971014492754,0.3352018633540373,0.01373141025641023,0.016429487179487196,0.014428846153846162
0.06888224637681159,0.06672437888198758,0.08806392339544515,0.0031474358974358948,0.004076923076923095,0.003340384615384596
1.6744047619047622,0.9194384057971012,0.9200879917184264,0.02304230769230769,0.023424358974358992,0.026792948717948743
1.626746894409938,0.6709627329192547,0.5581806418219462,0.05638551282051282,0.044004487179487184,0.04225961538461539
2.6002070393374743,1.0126966873706005,1.0937215320910971,0.05012692307692308,0.03950192307692306,0.037471153846153855
0.04315916149068323,0.03780357142857143,0.06907168737060042,0.0020660256410256427,0.0030716666666666635,0.002501346153846158
1.124733436853002,0.4656107660455487,0.5903907867494824,0.04029570512820513,0.036441666666666664,0.0287775641025641
0.05458462732919255,0.05059653209109731,0.08022101449275362,0.0015544871794871775,0.0022647435897435947,0.0020493589743589805
0.6377432712215322,0.38365165631469983,0.3990372670807453,0.020965384615384625,0.017100641025641048,0.016884615384615387
0.10842753623188406,0.11905124223602485,0.1276493271221532,0.00341282051282053,0.004180769230769234,0.0031096153846153795
1.9031909937888203,0.7762629399585921,0.7319073498964804,0.04465833333333336,0.04984615384615386,0.04682948717948717
0.0669756728778468,0.0591498447204969,0.0743822463768116,0.0020128205128205133,0.0027570512820512785,0.002393589743589745
0.10516304347826087,0.10625517598343684,0.12961206004140788,0.002089102564102546,0.0025557692307692182,0.002171153846153819
1.164355590062112,0.4882531055900621,0.5939052795031057,0.025123076923076918,0.023630769230769226,0.02224102564102564
0.09327639751552796,0.09565062111801244,0.09894461697722567,0.002946794871794882,0.003582051282051292,0.002682051282051294
0.038502070393374735,0.0417129917184265,0.04860714285714286,0.002294871794871798,0.003008974358974361,0.002128846153846157
0.8082349896480332,0.3420833333333334,0.41625,0.017692948717948704,0.0189628205128205,0.01953333333333333
1.3260300207039342,0.6358954451345756,0.6224145962732919,0.032948076923076934,0.03439935897435899,0.035792307692307686
1.8596299171842647,1.0245160455486544,1.1847412008281577,0.019428846153846147,0.01851153846153845,0.017427564102564113
2.538209109730849,1.7233203933747414,1.2840139751552797,0.0941801282051282,0.0804955128205128,0.0702012820512821
0.060659161490683226,0.0716886645962733,0.09687034161490683,0.002900641025641029,0.0037820512820512815,0.0029660256410256407
1.1773524844720498,0.5961050724637682,0.671498447204969,0.02104615384615385,0.02067371794871796,0.01954230769230772
1.5158074534161494,0.6529166666666667,0.7219202898550725,0.02471974358974359,0.02746025641025641,0.026596153846153842
0.05554787784679089,0.04768400621118013,0.07799715320910974,0.0012096153846153895,0.0017506410256410336,0.0017009396794871801
0.6688509316770187,0.32134575569358176,0.38379917184265017,0.015194871794871797,0.01718525641025642,0.01726282051282052
2.817520703933748,1.2628985507246375,0.9487085921325052,0.10867051282051282,0.060325807692307686,0.05529679487179488
0.06317650103519669,0.08687629399585922,0.11100750517598346,0.0032557692307692266,0.004297435897435902,0.003302564102564103
1.4247851966873706,0.4900207039337475,0.5062448240165631,0.038805769230769234,0.03355384615384616,0.029298717948717943
1.3927872670807455,0.6024042443064183,0.6957505175983436,0.024127884615384617,0.02271858974358973,0.023158333333333336
2.0947256728778467,0.5687267080745341,0.6388923395445135,0.07770782051282052,0.0678769230769231,0.05603782051282055
1.397184265010352,0.5876578674948241,0.5226811594202899,0.04598589743589744,0.04268717948717948,0.04068974358974359
1.3486283643892343,0.5021687370600414,0.5783825051759834,0.01585320512820512,0.015839102564102567,0.015330128205128187
0.05016873706004141,0.0450072463768116,0.0686832298136646,0.0022782051282051363,0.0033653846153846177,0.002601282051282047
0.042270445134575584,0.0446037784679089,0.06337836438923396,0.001667948717948725,0.0021493589743589755,0.0018578974358974358
0.06113017598343685,0.056421066252588,0.0869223602484472,0.0014775641025641091,0.0020442307692307648,0.001907692307692314
0.05835869565217393,0.056869047619047625,0.09724792960662526,0.0024564102564102594,0.003687820512820515,0.003058974358974358
1.3811697722567289,0.5987707039337474,0.633925983436853,0.03263269230769232,0.026362820512820517,0.02208141025641024
0.07717339544513459,0.06656444099378883,0.09190605590062112,0.0016923076923077108,0.002282051282051293,0.0019141025641025667
1.2221739130434786,0.5029503105590063,0.5975232919254658,0.07539455128205128,0.06979166666666667,0.052927564102564086
16.32652691511387,3.95861801242236,1.185370082815735,0.12021346153846152,0.0767801923076923,0.045317307692307685
0.06923214285714288,0.04486904761904762,0.08323861283643894,0.0018548717948717942,0.002936217948717949,0.002742500000000001
1.511358695652174,0.8577846790890271,0.8893892339544515,0.021087820512820536,0.022032692307692312,0.024419230769230797
1.5595263975155282,0.6261671842650104,0.5117753623188406,0.06273692307692308,0.048216666666666665,0.03906089743589743
1.9458333333333333,0.8053312629399586,0.6622567287784679,0.0766544871794872,0.05894935897435901,0.05412371794871795
1.0594953416149069,0.5460533126293996,0.6475155279503105,0.02483653846153847,0.02731089743589744,0.029302564102564113
0.3971480331262941,0.220800983436853,0.2753027950310559,0.007534615384615396,0.00923397435897436,0.007983333333333334
1.3889699792960664,0.5018167701863355,0.5899715320910973,0.05982435897435898,0.05012692307692306,0.03833141025641026
1.3868969979296066,0.7448240165631471,0.5704658385093168,0.05811089743589744,0.04709807692307695,0.037833974358974384
1.5275051759834366,0.5213612836438923,0.5817391304347826,0.05450641025641026,0.04559679487179489,0.03945064102564107
0.9474482401656316,0.5774508281573499,0.7260274327122155,0.017373782051282056,0.020844230769230768,0.017930769230769233
0.06297049689440995,0.04371350931677018,0.06751345755693583,0.002037820512820523,0.002816666666666673,0.0022217948717948746
0.04217003105590062,0.045326604554865424,0.0614192546583851,0.0021858974358974427,0.002941666666666677,0.002414102564102563
1.3871687370600414,0.5633022774327122,0.5072127329192547,0.049173717948717936,0.03643653846153847,0.026178205128205102
1.7545910973084886,1.0561438923395443,1.1738975155279503,0.015583333333333315,0.016008974358974352,0.016525641025641
2.51268115942029,1.2025724637681159,0.9839648033126296,0.0690628205128205,0.05530769230769233,0.05160192307692308
12.042158385093167,2.5641330227743278,0.8465605590062112,0.1299628205128205,0.10245833333333336,0.043750641025641065
1.0055253623188407,0.5148524844720498,0.5798084886128364,0.013752564102564115,0.014860897435897415,0.01627564102564104
1.6988069358178055,0.5154477225672879,0.5404968944099379,0.04366666666666665,0.03803012820512821,0.03262307692307696
0.05074767080745342,0.056740683229813675,0.06667857142857142,0.0027326923076922928,0.0035403846153846314,0.002531410256410255
1.168853519668737,0.4729658385093168,0.5910610766045549,0.019513461538461542,0.019190384615384595,0.01431474358974359
0.9075336438923396,0.3615217391304349,0.4141252587991719,0.03987756410256413,0.0338801282051282,0.014963461538461531
0.05416692546583851,0.04912189440993789,0.056227743271221535,0.0024089743589743467,0.003028846153846155,0.0021564102564102412
0.03177820910973085,0.029036749482401657,0.044184006211180134,0.0010250000000000023,0.0014403846153846062,0.0012705128205128314
0.10021402691511387,0.10476733954451348,0.11328364389233955,0.0015358974358974321,0.0018205128205128138,0.0013397435897435873
1.2068167701863357,0.509508281573499,0.6216485507246378,0.051787243589743584,0.04742628205128206,0.04045064102564103
0.05576811594202899,0.0671213768115942,0.0751475155279503,0.002416025641025659,0.0030608974358974305,0.002312179487179496
1.260727225672878,0.513840579710145,0.4519435817805382,0.05304423076923078,0.05158653846153848,0.04390705128205128
2.0206599378881993,0.7729218426501036,0.7991951345755695,0.040786538461538485,0.032012179487179465,0.031661538461538456
0.05683410973084886,0.05204839544513458,0.06463017598343686,0.002196153846153852,0.002853846153846153,0.002404487179487178
0.8096040372670807,0.4459575569358178,0.5194772256728779,0.014660256410256416,0.01479551282051282,0.013908974358974372
1.3511231884057973,0.7671195652173914,0.5227613871635611,0.06567948717948717,0.0599673076923077,0.055518589743589766
0.10529321946169773,0.09214415113871637,0.12095962732919255,0.002661538461538476,0.0034044871794871702,0.0026897435897436065
1.829347826086957,0.7521946169772257,0.7810326086956522,0.04361089743589744,0.04629679487179485,0.03965897435897435
0.031696428571428584,0.033397774327122154,0.05349120082815735,0.0018131410256410304,0.0026716025641025623,0.0018953846153846206
0.07258514492753622,0.0749666149068323,0.09868271221532092,0.0022487179487179453,0.0030730769230769353,0.0025544871794871697
1.3378079710144928,0.586304347826087,0.5922619047619048,0.03092628205128205,0.03214038461538461,0.027341666666666688
0.043704451345755686,0.040626552795031065,0.06859575569358177,0.0014219871794871836,0.002112499999999996,0.0020128205128205133
1.0598498964803311,0.5798447204968945,0.5998162525879918,0.024947435897435918,0.02265128205128205,0.02045512820512822
0.05953856107660456,0.0573136645962733,0.11388431677018634,0.001457692307692315,0.002284615384615378,0.002293012820512826
0.09225983436853002,0.10023990683229816,0.11939751552795032,0.004312179487179526,0.005528205128205135,0.0037782051282051594
0.03770833333333333,0.03277587991718427,0.05853234989648034,0.0015814102564102599,0.0022508974358974357,0.0019212820512820527
1.2630641821946171,0.5570496894409939,0.558913043478261,0.07226089743589745,0.05656474358974356,0.03424871794871793
1.2996221532091101,0.7679684265010353,0.9002303312629399,0.014335897435897412,0.015461538461538455,0.017114743589743624
0.09162525879917184,0.0909508281573499,0.11166200828157352,0.0032147435897435907,0.004314743589743577,0.003319230769230777
0.047504917184265014,0.04568944099378882,0.06567572463768116,0.0020916666666666653,0.0030083333333333364,0.0025685897435897467
0.056587732919254674,0.06239544513457556,0.07665864389233955,0.002674358974358981,0.0035070512820512844,0.002623076923076959
0.06333618012422361,0.06058954451345756,0.07144979296066252,0.0027121794871794746,0.0035583333333333296,0.0028544871794872
1.4733410973084886,0.6062215320910974,0.6704528985507247,0.04609935897435898,0.039717307692307705,0.03329230769230769
5.419073498964803,1.4591770186335404,0.723907867494824,0.1142519230769231,0.07472564102564104,0.048731410256410264
0.0338628364389234,0.03234032091097309,0.042629658385093167,0.0012660256410256395,0.0017544871794871898,0.0014673076923077
1.518796583850932,0.7522619047619049,0.6075621118012423,0.08082435897435898,0.06439743589743592,0.04766923076923076
0.0381796066252588,0.04032065217391305,0.0633731884057971,0.002481410256410258,0.0036570512820512774,0.0025250000000000025
3.029089026915114,1.2809756728778467,0.872324016563147,0.08460596153846152,0.06808782051282053,0.0643205128205128
0.05159368530020704,0.060476190476190475,0.08388483436853003,0.002612820512820527,0.00364102564102565,0.003030128205128203
2.2274922360248453,0.9739596273291926,0.972851966873706,0.06528589743589744,0.060654487179487175,0.051337179487179495
1.8642857142857143,0.8117236024844721,0.7659782608695652,0.058381410256410235,0.04356858974358975,0.03951538461538462
0.06534109730848862,0.0679580745341615,0.08739570393374743,0.002038461538461548,0.0027762820512820486,0.002524358974358967
0.03199482401656315,0.0364702380952381,0.04797308488612837,0.0017025641025641086,0.0023429487179487123,0.001811538461538464
0.04856935817805383,0.03764156314699793,0.09036542443064184,0.0013028205128205134,0.002164358974358971,0.002108782051282051
2.143227225672878,1.1125776397515528,1.0571739130434783,0.060122435897435884,0.049467307692307706,0.04121987179487181
2.7674689440993787,1.0396920289855072,1.1550672877846793,0.1012083333333333,0.07323269230769232,0.05184358974358976
0.06826863354037267,0.060489130434782615,0.10035740165631472,0.0011519230769230795,0.0016801282051282069,0.0016788461538461467
0.04821454451345756,0.049332815734989655,0.058001293995859224,0.0009871794871794868,0.0012500000000000018,0.0011679487179487062
0.2539052795031056,0.1268087474120083,0.13846325051759836,0.002895512820512825,0.0032384615384615408,0.002826923076923081
0.07806935817805384,0.05585041407867495,0.06625983436853003,0.000872435897435891,0.0011070512820512868,0.0010321794871794797
0.0856304347826087,0.0886909937888199,0.09072463768115943,0.0011480769230769574,0.001425641025641028,0.0010974358974358905
2.3471635610766044,0.8433540372670808,0.8907815734989649,0.05765705128205125,0.03649294871794869,0.037312820512820505
0.11021040372670808,0.07618918219461697,0.1998118530020704,0.003105256410256405,0.005735064102564106,0.005385320512820513
0.07315450310559006,0.06187241200828158,0.0973069358178054,0.0012102564102564135,0.001549358974358973,0.001643717948717945
0.7449430641821947,0.2749974120082816,0.3791123188405797,0.02325256410256409,0.024862820512820502,0.022269230769230743
0.040672360248447205,0.045304606625258814,0.06693478260869566,0.0015666666666666591,0.002018589743589753,0.0016448717948717873
2.0988483436853005,0.9701345755693582,0.9064880952380951,0.10789935897435897,0.10277628205128203,0.08262051282051279
1.4741511387163562,0.6565786749482402,0.8150854037267081,0.020298717948717945,0.01929038461538461,0.019082051282051288
1.5865786749482402,0.6519151138716357,0.6591304347826087,0.03683461538461538,0.03717756410256411,0.03879935897435898
2.2698783643892337,0.7096713250517598,0.76375,0.10968179487179487,0.08222410256410256,0.07734807692307696
0.6221092132505176,0.3498524844720497,0.4616304347826088,0.005366666666666685,0.006406410256410265,0.006453205128205097
0.06920005175983437,0.06480512422360249,0.10197851966873707,0.003157051282051292,0.004607051282051282,0.0038679487179487217
0.06383954451345758,0.06049663561076605,0.07207556935817806,0.0015032051282051321,0.0018987179487179645,0.0014282051282051244
1.7665372670807455,0.9749197722567288,1.1112267080745344,0.02173269230769231,0.01943589743589744,0.0184775641025641
1.4185610766045549,0.6975595238095239,0.3984937888198757,0.08288717948717947,0.05617884615384615,0.036214743589743616
0.07332996894409939,0.07261878881987578,0.08475465838509318,0.002450000000000029,0.003156410256410279,0.002450000000000029
1.4651035196687372,0.8917857142857144,0.9798576604554864,0.014396153846153862,0.014325000000000025,0.014148076923076947
1.7520574534161493,0.672463768115942,0.7281495859213252,0.08842942307692307,0.09040576923076923,0.06802435897435895
1.103586956521739,0.4218400621118013,0.4568581780538303,0.028041666666666677,0.0253634615384615,0.023123717948717964
0.8906806418219462,0.5859549689440994,0.6853183229813665,0.009750641025641051,0.010851282051282041,0.010924358974358976
0.7894979296066253,0.5033100414078676,0.533524844720497,0.013118589743589731,0.014230769230769246,0.014294230769230773
0.056298913043478276,0.04563172877846791,0.0974855072463768,0.0025108974358974373,0.004093589743589745,0.0032378205128205163
0.06369746376811594,0.04567184265010352,0.0916226708074534,0.002285897435897437,0.0033051923076923115,0.003059615384615382
2.09078933747412,1.155339026915114,0.7414466873706005,0.08686666666666668,0.05450769230769231,0.03174615384615385
1.4796454451345755,0.7527044513457558,0.8390734989648034,0.012945256410256402,0.017773012820512815,0.01913269230769231
0.10928131469979298,0.08895263975155279,0.11463638716356107,0.003139102564102581,0.003964743589743596,0.0030871794871794892
1.2596014492753624,0.5382479296066254,0.6024922360248447,0.04094230769230768,0.03661153846153847,0.029005769230769224
0.6574611801242236,0.39876035196687376,0.5470108695652175,0.005385897435897432,0.006653205128205131,0.006769230769230776
1.2789699792960665,0.3802691511387164,0.4878442028985507,0.054160897435897436,0.04120384615384616,0.022728205128205083
1.0919513457556935,0.4612732919254658,0.5348654244306419,0.019569871794871803,0.01808269230769231,0.014545512820512831
1.2781677018633542,0.7625854037267081,0.8004917184265011,0.015306410256410247,0.01734358974358977,0.019203205128205125
0.05217080745341615,0.04514311594202899,0.07923498964803312,0.0022007051282051213,0.0035776282051282115,0.0029077564102564122
1.733100414078675,1.091953933747412,0.7131858178053829,0.08919807692307692,0.04793012820512818,0.043074358974358976
0.10991226708074536,0.1159660973084886,0.1725067287784679,0.003145512820512823,0.003814102564102557,0.003385128205128212
0.052285196687370604,0.04723317805383023,0.0895916149068323,0.0023538461538461565,0.003205192307692305,0.0027735256410256408
0.08008255693581781,0.06405848861283645,0.10264001035196688,0.003047435897435901,0.004430769230769243,0.0038128205128205093
0.0399296066252588,0.038524068322981365,0.05173110766045549,0.0014826923076923138,0.0020391025641025603,0.0016980769230769282
0.08820496894409938,0.1115455486542443,0.1312577639751553,0.0036506410256410132,0.004676923076923063,0.0035871794871794854
0.06111361283643892,0.06216718426501035,0.0941904761904762,0.002514102564102557,0.0031841025641025627,0.002578846153846156
0.045116718426501036,0.05423990683229815,0.06695005175983437,0.0029839743589743506,0.0039871794871794855,0.0028205128205128285
1.8138069358178053,0.8659912008281575,0.8094668737060042,0.0415102564102564,0.027921794871794883,0.02496282051282052
0.0818203933747412,0.0654192546583851,0.09575931677018633,0.0019910256410256466,0.002594871794871805,0.0021657692307692307
0.08628933747412007,0.07732168737060041,0.09999042443064182,0.003167948717948713,0.004057051282051278,0.0032178846153846107
0.04518090062111802,0.051261904761904765,0.06427872670807454,0.0017532051282051187,0.0023743589743589746,0.0019352564102564085
2.2174016563147,1.175618530020704,1.0408876811594203,0.059125064102564115,0.03773397435897436,0.03262435897435898
1.1600077639751554,0.6428493788819877,0.6197463768115943,0.01632243589743591,0.018174358974358974,0.01982500000000001
2.4192960662525884,1.0887474120082814,0.8956909937888199,0.09820634615384616,0.057780384615384615,0.036255576923076925
1.0511801242236023,0.39619565217391306,0.4791666666666667,0.026623076923076916,0.026401282051282057,0.02695641025641026
0.0741511387163561,0.0764277950310559,0.09750362318840583,0.003271153846153852,0.004203846153846149,0.003310256410256416
1.6534730848861283,0.5053700828157349,0.5651035196687371,0.060694230769230736,0.04599358974358977,0.03149551282051277
0.6770212215320911,0.3516873706004141,0.4052225672877847,0.017334615384615386,0.023004487179487176,0.021840384615384616
0.2926268115942029,0.16614518633540373,0.22125077639751556,0.0038826923076923227,0.004883974358974341,0.004559615384615394
2.0068607660455493,1.0544306418219462,0.5465450310559007,0.054810512820512816,0.032769871794871806,0.02482057692307693
0.05830305383022775,0.049430641821946175,0.08487111801242235,0.0019737179487179487,0.0028003846153846173,0.002302435897435893
1.4568892339544517,0.7314415113871636,0.9107375776397516,0.08863717948717949,0.0938147435897436,0.09107371794871796
1.1084989648033128,0.3723550724637681,0.4295885093167702,0.027171153846153852,0.019609615384615392,0.016546794871794886
1.387655279503106,0.6134290890269152,0.7257660455486542,0.06086615384615384,0.04301410256410257,0.03188205128205129
0.0621796066252588,0.05563690476190477,0.11612551759834368,0.002982051282051278,0.004641025641025631,0.003628205128205133
2.0742003105590063,1.4720367494824016,1.2471920289855074,0.03535628205128205,0.03918205128205129,0.043006410256410256
0.29733695652173914,0.15473240165631472,0.1888245341614907,0.005083974358974375,0.005799358974358963,0.004805769230769235
0.04173835403726709,0.047155279503105586,0.06379684265010352,0.0024134615384615392,0.003260256410256396,0.0023775641025641178
0.990005175983437,0.4469591097308489,0.5017650103519671,0.023003846153846156,0.02297756410256412,0.024151923076923085
1.7509342650103519,0.9302225672877849,0.7378493788819876,0.0609423076923077,0.046540384615384615,0.030821794871794917
1.9505098343685299,0.9001268115942029,0.7881133540372671,0.06595897435897435,0.048077564102564134,0.04166410256410257
0.06625077639751553,0.06160791925465839,0.11836956521739132,0.003056410256410261,0.004758333333333335,0.003994487179487176
0.03867986542443064,0.03860688405797102,0.060862318840579716,0.002065384615384607,0.003026923076923071,0.0021589743589743604
0.05194021739130435,0.05434472049689442,0.06629658385093168,0.001028205128205123,0.0013314102564102508,0.00125128205128205
0.09510559006211182,0.06786076604554865,0.0947634575569358,0.0013358974358974427,0.0017852564102564172,0.001653205128205124
1.8657919254658384,0.8131133540372671,0.7374741200828158,0.09621217948717947,0.06687884615384618,0.037426282051282025
1.6925258799171845,0.9540890269151141,0.8447256728778468,0.03059551282051282,0.03177435897435898,0.02581858974358976
0.05745936853002071,0.06361568322981366,0.08527044513457559,0.00230705128205128,0.003005128205128216,0.0023467948717948678
1.4320548654244307,0.7478856107660456,0.4753390269151138,0.10603782051282053,0.07614871794871793,0.042274358974358967
0.0768677536231884,0.07659109730848862,0.08909083850931677,0.002882051282051307,0.003530128205128199,0.002699358974358969
0.09571402691511388,0.08938328157349898,0.19417261904761907,0.003128205128205125,0.0053553205128205154,0.004898782051282053
1.1727820910973086,0.4703183229813665,0.5185119047619048,0.030277564102564093,0.029253205128205118,0.029742948717948726
0.0488379917184265,0.04230874741200828,0.06771014492753624,0.0019826923076923103,0.002759230769230772,0.0022690384615384578
0.0386868530020704,0.0440848861283644,0.062453674948240175,0.0010557692307692297,0.0014179487179487155,0.0013564102564102608
0.03952898550724638,0.04643167701863354,0.08797049689440994,0.0021807692307692387,0.003342948717948727,0.0028878205128205123
1.5027070393374742,0.6184679089026915,0.7254321946169773,0.023824999999999995,0.01903589743589744,0.01912179487179488
0.07449378881987577,0.0696796066252588,0.09462603519668736,0.001173076923076922,0.0015346153846153606,0.001457692307692281
0.0747505175983437,0.056751293995859216,0.07432660455486542,0.001672435897435894,0.002283974358974353,0.002098717948717954
0.04828597308488613,0.049650621118012425,0.1147753623188406,0.0016357051282051204,0.0028887179487179426,0.002820641025641023
0.10822463768115943,0.11301915113871636,0.11867080745341615,0.0042153846153846295,0.005127564102564109,0.003434615384615396
1.8930900621118012,0.7994358178053831,0.6551475155279504,0.09939166666666667,0.06373846153846152,0.04781923076923078
0.07955667701863355,0.09125879917184264,0.14955512422360248,0.0028391025641025746,0.00421858974358975,0.003670512820512829
1.6072179089026917,0.8362914078674948,0.9149741200828158,0.036797435897435886,0.033596153846153866,0.030201282051282058
0.14716459627329195,0.12966847826086958,0.2693711180124224,0.004090384615384613,0.006803846153846147,0.005986538461538458
0.06140320910973085,0.05470212215320912,0.1178555900621118,0.0026243589743589844,0.004201602564102565,0.003785961538461543
0.04322903726708075,0.05033592132505176,0.06101061076604555,0.0015442307692307687,0.0020544871794871736,0.001716025641025627
0.044847826086956526,0.042345496894409945,0.06138121118012424,0.0011044871794871787,0.0015326923076923109,0.001387179487179488
1.5163845755693584,0.9164984472049691,0.8774482401656315,0.02723333333333333,0.024671153846153853,0.02144166666666666
0.18802613871635607,0.10204580745341617,0.13986180124223604,0.002254487179487186,0.0029711538461538447,0.002846153846153863
0.056393633540372676,0.06351112836438924,0.07617857142857144,0.0029262820512820638,0.0036967948717948882,0.0027348076923077
0.08535998964803314,0.07341356107660456,0.118106884057971,0.002328846153846158,0.0031717948717948697,0.00263717948717949
1.328398033126294,0.7475103519668737,0.8472826086956522,0.01795705128205131,0.017592948717948732,0.01891282051282048
0.3940320910973085,0.2257512939958592,0.2762836438923396,0.006887820512820515,0.008644230769230777,0.00809102564102564
1.01925983436853,0.4840916149068323,0.5250517598343686,0.0303423076923077,0.03194294871794872,0.026717948717948716
1.845654761904762,0.8398136645962734,0.6187836438923395,0.07327455128205128,0.05473211538461538,0.04189294871794872
0.06126785714285715,0.059133022774327124,0.08051501035196687,0.0007967948717948822,0.0010871794871795044,0.0011160256410256363
1.6330408902691511,0.8200155279503107,0.4776526915113872,0.06956730769230769,0.055633974358974325,0.05024423076923075
0.03559446169772257,0.04117546583850932,0.05502225672877848,0.0011211538461538524,0.0015269230769230939,0.0011717948717948738
1.2957789855072466,0.6357401656314701,0.7785714285714286,0.02328653846153846,0.025282051282051275,0.023951923076923072
1.3500362318840577,0.7857298136645963,0.8753985507246378,0.018016025641025647,0.018717307692307703,0.01921089743589744
0.04051656314699793,0.039445910973084884,0.04278649068322981,0.0007871794871794858,0.0009576923076923076,0.0008391025641025558
1.0478881987577642,0.4899896480331263,0.6047437888198758,0.02407500000000001,0.023317948717948712,0.02212564102564102
0.5284342650103521,0.28613095238095243,0.34724378881987583,0.009449999999999976,0.012019871794871816,0.010746794871794856
0.9491563146997932,0.3750854037267081,0.4706055900621119,0.026192948717948708,0.027242948717948696,0.025740384615384613
0.04112137681159421,0.039648033126293995,0.04623809523809524,0.0023487179487179637,0.0030955128205128256,0.0021544871794871912
0.07259782608695653,0.06251475155279504,0.07371506211180125,0.001721153846153843,0.0022557692307692344,0.0019057692307692304
0.07460998964803313,0.054434782608695664,0.10082608695652176,0.002132692307692302,0.0032119871794871807,0.002874487179487181
0.06751423395445134,0.048824016563147,0.09535170807453416,0.0008705128205128184,0.001366602564102564,0.0013843589743589796
0.05241226708074534,0.04939363354037267,0.11790786749482406,0.0011495512820512892,0.0018589743589743594,0.002018076923076918
0.09379166666666668,0.0954842132505176,0.11279554865424432,0.003315384615384609,0.004122435897435901,0.002950641025641004
0.06532091097308489,0.06248731884057971,0.11985455486542446,0.003009743589743585,0.004811538461538452,0.004091666666666662
1.2343478260869565,0.5809730848861284,0.605036231884058,0.02228717948717952,0.020823076923076948,0.02025512820512823
2.4468530020703936,0.9981728778467909,0.8498343685300207,0.05946282051282049,0.03979487179487178,0.03929423076923076
1.1078234989648037,0.3631055900621119,0.4702846790890269,0.03377307692307692,0.03494102564102565,0.03237051282051283
1.909906832298137,1.4745212215320909,1.172748447204969,0.057240384615384624,0.05062903846153846,0.05169423076923076
1.6193633540372672,0.8751992753623188,0.9115657349896482,0.020759615384615373,0.019608974358974362,0.02012179487179489
2.2124016563147,1.1034446169772256,0.9145574534161492,0.0906525641025641,0.06257115384615389,0.0494775641025641
31.201086956521745,7.350621118012422,1.6972127329192548,0.1676751923076923,0.07491153846153849,0.05827820512820513
0.03858152173913044,0.05466692546583851,0.06626811594202899,0.0027602564102564217,0.003597435897435917,0.002775641025641025
2.069899068322981,0.8494772256728781,0.8229011387163562,0.06991641025641025,0.05617371794871796,0.055151923076923084
0.061052536231884065,0.056181677018633545,0.1123118530020704,0.0023269230769230737,0.003383974358974364,0.003014102564102565
0.8833902691511387,0.4793219461697723,0.5783229813664598,0.017921153846153847,0.018282051282051258,0.017984615384615373
7.080253623188407,1.7432815734989646,0.8360326086956522,0.09886602564102563,0.06839551282051283,0.04942243589743588
1.987008281573499,1.0328726708074534,0.9147204968944102,0.056066025641025634,0.05468782051282052,0.050708974358974326
0.08104477225672878,0.07197800207039337,0.12784627329192547,0.0025580769230769264,0.0039353846153846175,0.0034325641025641064
1.8689052795031056,0.8386024844720498,0.7861956521739131,0.04139660256410256,0.04024871794871794,0.035231410256410266
0.4303183229813665,0.2189052795031056,0.2732349896480331,0.007957051282051276,0.009639743589743578,0.008106410256410243
2.7368788819875776,1.2303053830227744,1.3732479296066256,0.05493397435897435,0.04379615384615385,0.043821153846153836
0.12955564182194618,0.10620238095238096,0.18481521739130435,0.0038999999999999977,0.005723717948717955,0.0046935897435897355
1.870810041407868,1.0009265010351969,0.58722049689441,0.08930769230769231,0.060116666666666686,0.05833846153846153
1.2303623188405797,0.4117883022774328,0.4183436853002071,0.055966025641025666,0.04936794871794874,0.03719551282051281
1.2893115942028983,0.4435093167701864,0.537802795031056,0.04735076923076922,0.039899358974358964,0.035275
1.0783333333333334,0.42638198757763984,0.4452380952380953,0.03906730769230767,0.03801538461538461,0.031605769230769236
2.2479114906832303,0.8468685300207041,0.8338612836438924,0.1288217948717949,0.12240897435897438,0.06695064102564101
0.06832505175983437,0.0720722049689441,0.09989259834368533,0.0014083333333333304,0.0017378205128205165,0.001681602564102561
1.8433436853002072,0.6352406832298136,0.7676837474120083,0.02889839743589744,0.021718076923076923,0.02489102564102564
0.7936024844720496,0.3213146997929607,0.40188664596273294,0.01695000000000001,0.0185596153846154,0.017540384615384614
2.4219772256728778,1.1050181159420291,0.6014699792960663,0.09873852564102566,0.05674705128205128,0.029866025641025657
0.0433379917184265,0.0447621635610766,0.05579347826086956,0.0021307692307692295,0.0027275641025641,0.0019660256410256364
1.6432634575569358,0.6207453416149069,0.6583695652173913,0.09645641025641027,0.07477435897435902,0.04805833333333336
0.03957660455486543,0.05329528985507247,0.08673783643892341,0.002835897435897431,0.004088461538461541,0.0029910256410256393
0.07200595238095238,0.0616340579710145,0.07973913043478263,0.002815384615384613,0.0036788461538461545,0.002748717948717953
1.2744461697722569,0.4692805383022775,0.5980978260869565,0.053542307692307715,0.04335128205128204,0.02738782051282052
2.1656107660455484,1.1217520703933748,0.8960429606625259,0.0423621794871795,0.038183974358974346,0.03370128205128205
1.329070910973085,0.4577510351966874,0.5113250517598343,0.037106410256410274,0.04081666666666667,0.033155128205128184
1.9255693581780535,0.8563949275362319,0.8622515527950312,0.06232275641025641,0.04469096153846154,0.03945333333333333
0.04215683229813665,0.04543452380952381,0.07384057971014492,0.0018121794871795,0.0023533974358974385,0.001977115384615382
0.048449275362318835,0.046747929606625264,0.07663742236024845,0.0021575,0.0032340384615384718,0.002410384615384607
1.6792365424430642,0.8799249482401658,0.5179710144927536,0.07847871794871795,0.0546423076923077,0.042488461538461565
1.2491278467908904,0.4926242236024845,0.5667831262939959,0.0267826923076923,0.026957051282051288,0.026017307692307704
0.07675672877846791,0.08431237060041408,0.1118962215320911,0.0039044871794871663,0.005022435897435898,0.0034416666666666623
0.058227225672877865,0.05305564182194617,0.09388483436853,0.0008780769230769196,0.001329038461538466,0.0013748076923077062
1.3107867494824021,0.5982168737060042,0.5725103519668737,0.028177564102564112,0.025268589743589743,0.019714743589743573
0.06496299171842651,0.07156832298136646,0.09179140786749483,0.0030076923076923123,0.004019871794871786,0.003047435897435901
0.06516356107660456,0.06636154244306418,0.08917313664596273,0.0027032051282051364,0.003306410256410271,0.0025126282051282033
1.4293012422360247,0.6229140786749483,0.6977510351966874,0.04856282051282052,0.03319999999999998,0.027624358974359
2.1127096273291928,0.8956288819875776,0.8976475155279504,0.12281044871794873,0.10947692307692307,0.08639871794871795
2.8209109730848865,1.417616459627329,1.0940605590062114,0.14862499999999998,0.12071410256410255,0.09581666666666667
6.972153209109732,6.202044513457557,1.9169798136645964,0.03665705128205129,0.04115448717948717,0.03571730769230769
0.054774327122153216,0.045138457556935824,0.06902562111801243,0.0011493589743589714,0.001616025641025644,0.0014450878205128205
0.062125258799171836,0.054745859213250515,0.08568711180124224,0.0010346153846153873,0.0014794871794871814,0.0014128205128205108
1.5139855072463768,0.4998964803312629,0.6095341614906833,0.023542307692307692,0.023090384615384617,0.02239102564102563
1.1377355072463768,0.6738379917184265,0.8940010351966873,0.008608333333333334,0.01141474358974361,0.012971794871794838
1.319583333333333,0.4618762939958593,0.5481961697722567,0.10333397435897436,0.09528589743589744,0.07804487179487182
0.0757026397515528,0.058214285714285725,0.13588431677018634,0.0027461538461538452,0.004487179487179494,0.004117307692307684
0.8283281573498965,0.391674430641822,0.5026138716356108,0.012678846153846143,0.014124999999999988,0.013626923076923064
0.060055124223602485,0.05912655279503105,0.07757608695652174,0.002961538461538437,0.003680128205128214,0.0030365384615384677
0.06695755693581781,0.06835921325051761,0.08627924430641823,0.002950000000000025,0.003933333333333343,0.0031826923076923143
1.5662629399585923,0.7061231884057971,0.7833773291925467,0.02294871794871795,0.020494871794871788,0.02145064102564102
1.8238457556935816,0.5612163561076605,0.6217080745341614,0.04045653846153847,0.03708397435897436,0.026700641025641042
1.3850155279503105,0.6082505175983437,0.525455486542443,0.06580832051282051,0.051397371794871805,0.04160961538461538
0.06682919254658386,0.06561827122153209,0.08594953416149069,0.0033326923076923065,0.004152564102564103,0.003244871794871793
1.662937370600414,0.8024896480331263,0.5063457556935819,0.07983277564102564,0.053201410256410266,0.04839102564102564
0.6880667701863356,0.2904166666666667,0.37720238095238107,0.008702371794871806,0.01012019230769231,0.010534230769230764
0.03555667701863354,0.041449016563147006,0.05086594202898551,0.0024314102564102604,0.0033660256410256413,0.002358974358974361
1.8482298136645965,0.6673576604554866,0.6747412008281575,0.026017884615384616,0.02150384615384615,0.01992051282051281
1.6132272256728781,0.7381961697722569,0.5154787784679089,0.07916884615384615,0.05642070512820512,0.04217371794871797
1.2961594202898552,0.4321040372670808,0.570388198757764,0.024188589743589745,0.02040294871794872,0.020999679487179488
0.04903933747412008,0.04899741200828158,0.06736982401656315,0.0013820512820512947,0.0018750000000000027,0.0015884615384615483
0.04511309523809524,0.04654089026915114,0.0904070910973085,0.0012439743589743725,0.0018782051282051234,0.0018128205128205125
0.05745212215320911,0.06402795031055901,0.11533928571428573,0.002737820512820509,0.004169871794871789,0.003556410256410257
1.8102044513457558,0.714508281573499,0.4751501035196688,0.040687179487179495,0.039133974358974366,0.03327500000000002
0.04993762939958592,0.04874844720496895,0.07214673913043479,0.0013076923076923118,0.001869871794871798,0.0017012820512820606
0.6851164596273294,0.4498809523809525,0.428737060041408,0.012549358974358969,0.014278846153846171,0.011712179487179472
1.4422644927536232,0.7153623188405798,0.5461257763975156,0.0454647435897436,0.045632051282051285,0.029190384615384587
1.2473343685300209,0.4189233954451346,0.5044979296066252,0.02713461538461537,0.025716025641025625,0.02127179487179485
0.06713121118012423,0.06085351966873706,0.07135222567287784,0.0019858974358974305,0.002482051282051282,0.002239743589743608
0.06082556935817806,0.05488509316770186,0.08877898550724639,0.0026564102564102603,0.0038852564102563967,0.00331089743589744
0.032945652173913036,0.03376526915113872,0.04762422360248448,0.001759615384615383,0.002426282051282056,0.0018038461538461628
1.063015010351967,0.3365424430641822,0.43625,0.041510256410256414,0.03801602564102561,0.031394871794871784
0.6347075569358178,0.2950750517598344,0.31523033126294003,0.009810256410256412,0.0114698717948718,0.01065833333333334
1.1196868530020705,0.5187551759834369,0.6371118012422361,0.02036987179487176,0.020182692307692297,0.0198282051282051
0.047918737060041405,0.0415527950310559,0.07809627329192548,0.001878846153846148,0.0026964102564102717,0.0022610897435897505
1.7424016563146996,0.740406314699793,0.8547696687370602,0.06101987179487181,0.06062179487179487,0.05359871794871792
0.028200310559006205,0.03358229813664597,0.036620600414078684,0.0016756410256410375,0.0022128205128205025,0.0016121794871794875
1.6208281573498966,0.6457738095238096,0.6386024844720497,0.08153397435897436,0.06469230769230769,0.04419871794871797
2.318542960662526,0.977075569358178,0.8560067287784678,0.08356858974358974,0.06534166666666667,0.05358589743589744
0.03398913043478261,0.040783126293995865,0.059502846790890275,0.0015743589743589831,0.002140000000000002,0.0017012820512820488
2.0633436853002074,0.9724767080745342,0.751832298136646,0.07323435897435898,0.059055769230769224,0.05550897435897437
1.185595238095238,0.4215631469979296,0.4722437888198758,0.032253782051282064,0.026169807692307687,0.023523076923076917
0.04992805383022775,0.043144927536231885,0.05790967908902692,0.0013371794871794795,0.0018487179487179446,0.0017346153846153846
0.08682194616977226,0.06983359213250517,0.07907660455486543,0.0020089743589743678,0.002507692307692293,0.0019723076923076773
1.4963379917184263,0.6754347826086957,0.7116589026915114,0.028420512820512826,0.02456730769230769,0.02290128205128206
0.03337292960662526,0.034101708074534165,0.05389233954451346,0.0015891025641025613,0.002212564102564102,0.0016852564102563998
2.1958514492753625,0.915582298136646,0.9678183229813664,0.0374698717948718,0.029299358974358987,0.03114935897435898
0.03738146997929607,0.036368271221532085,0.07002613871635611,0.0016299358974359028,0.0026310256410256435,0.002312243589743588
0.04750103519668737,0.04958954451345756,0.06480020703933748,0.001551282051282034,0.0021269230769230623,0.0019461538461538427
0.04407116977225673,0.04311387163561076,0.07844694616977227,0.002080641025641026,0.003251410256410252,0.0026824358974359068
2.033674948240166,1.179114906832298,1.106570910973085,0.041783333333333325,0.042603846153846166,0.040842948717948704
0.04661050724637682,0.04310300207039338,0.06475854037267081,0.0024891025641025698,0.0036333333333333374,0.002702564102564101
0.3264855072463768,0.20157815734989648,0.2261218944099379,0.0075314102564102625,0.008855128205128201,0.006471794871794865
0.06861775362318841,0.06580745341614908,0.10903674948240166,0.0020615384615384623,0.002990384615384615,0.0024852564102564026
0.09305848861283644,0.10529580745341616,0.1296570910973085,0.0039698717948718105,0.005137820512820496,0.0038673076923076742
1.9812267080745345,1.0685119047619052,1.260848861283644,0.027180128205128204,0.029161538461538468,0.03010448717948718
0.9344668737060042,0.6607867494824017,0.8171247412008282,0.008866666666666658,0.010741666666666684,0.011595512820512828
1.6675155279503109,0.7367313664596273,0.7198706004140788,0.04287179487179486,0.03660192307692308,0.026304487179487183
0.8566511387163561,0.32953157349896484,0.4387914078674949,0.023005128205128227,0.02255000000000001,0.01837564102564101
1.582688923395445,0.6717727743271221,0.6950232919254661,0.03802948717948716,0.03684166666666668,0.03816346153846155
0.6225983436853002,0.3107142857142857,0.3690217391304348,0.014731410256410244,0.015638461538461528,0.013520512820512828
6.2754917184265,1.904619565217392,0.5438069358178055,0.09772756410256413,0.05259166666666667,0.04794358974358975
0.03925983436853002,0.040610766045548655,0.06988017598343686,0.0013237179487179493,0.0019448717948717946,0.0017871794871794895
0.08707634575569358,0.06997593167701864,0.11799611801242235,0.001367307692307694,0.001896794871794875,0.0019478846153846254
1.1841589026915116,0.7219384057971014,0.8896557971014494,0.009699999999999985,0.011707692307692304,0.013599358974358959
1.3714415113871634,0.5316511387163562,0.6026501035196687,0.06481410256410257,0.0618128205128205,0.054352564102564095
0.05575621118012423,0.054355590062111804,0.08679994824016563,0.0026096153846153834,0.0037282051282051393,0.0032371794871795035
0.04548214285714286,0.049229554865424435,0.0729319358178054,0.001502564102564108,0.0019897435897435986,0.0017154487179487172
0.04804451345755693,0.04537474120082816,0.08068788819875777,0.0012955128205128302,0.0019391025641025653,0.0016564102564102562
0.057648033126294,0.05103416149068323,0.07700077639751553,0.0011358974358974304,0.0015891025641025613,0.001483333333333338
1.962789855072464,0.8101009316770186,0.7673110766045551,0.032110256410256416,0.03718333333333335,0.036362820512820485
1.0158074534161492,0.44899844720496895,0.5529270186335403,0.01540769230769229,0.016992307692307716,0.016582051282051258
0.056909937888198765,0.04277743271221532,0.0819459109730849,0.0007865384615384504,0.0011437179487179489,0.0012778846153846148
0.08506573498964802,0.0744422877846791,0.1347067805383023,0.0024865384615384623,0.0035353846153846125,0.0031945512820512807
4.473990683229814,1.481705486542443,0.518046066252588,0.06879935897435899,0.05868397435897438,0.034440384615384616
19.474611801242236,2.346462215320911,0.7101268115942029,0.05770519230769231,0.03768288461538463,0.03448589743589743
6.22536231884058,2.8025621118012425,1.6559290890269152,0.11910621794871795,0.0820525641025641,0.07703846153846153
17.371066252587994,4.279244306418221,0.9964622153209112,0.09306544871794872,0.07448333333333332,0.03444615384615387
1.7057194616977227,0.9531573498964804,0.9223447204968944,0.02398012820512821,0.023558333333333337,0.021707692307692296
0.05397101449275362,0.05598602484472049,0.11290605590062112,0.0018993589743589656,0.0029173076923077025,0.0025147435897435928
0.04897386128364389,0.055299430641821946,0.08281806418219463,0.0016493589743589792,0.002416025641025659,0.0021391025641025662
1.7344461697722569,0.7734135610766045,0.7629166666666667,0.043766025641025635,0.036367948717948725,0.03181346153846157
0.06323990683229815,0.054583850931677017,0.08432815734989649,0.0029044871794871737,0.003910256410256407,0.002851282051282056
0.07178002070393376,0.06754114906832298,0.09400750517598344,0.002790384615384602,0.003906410256410239,0.0030564102564102393
1.4885688405797102,0.6756754658385092,0.6302536231884058,0.06638461538461539,0.050892948717948736,0.03518141025641023
1.7919591097308494,1.0160274327122154,1.1106599378881987,0.019057051282051287,0.01951602564102564,0.02454935897435897
0.029291666666666667,0.034896739130434784,0.0476268115942029,0.0010679487179487226,0.001435256410256413,0.001250641025641026
0.08643400621118012,0.08841692546583851,0.11656469979296065,0.0029262820512820638,0.003622435897435904,0.002887820512820501
0.06524378881987578,0.058273809523809526,0.08516614906832297,0.002860256410256417,0.00400384615384616,0.003317307692307681
0.08064570393374741,0.06037292960662526,0.09460119047619048,0.000981410256410258,0.001289102564102566,0.0013269230769230814
0.0666625258799172,0.06977717391304349,0.07931651138716357,0.0020711538461538467,0.002705769230769233,0.0023301282051282177
0.046721014492753635,0.04841718426501036,0.07332815734989648,0.0013237179487179608,0.0018782051282051466,0.0015211538461538535
0.05159032091097309,0.037671066252588,0.07251164596273292,0.0012926923076923102,0.002027115384615379,0.0017851282051281996
1.2121066252587993,0.7769021739130435,0.4871687370600415,0.06332891025641026,0.039270512820512825,0.02744358974358973
0.06065631469979296,0.050126035196687374,0.08984627329192547,0.0015070512820512885,0.0021801923076923144,0.0021909615384615357
1.7785817805383022,0.9226319875776398,0.931705486542443,0.02223205128205128,0.02081666666666666,0.02241153846153845
0.06945031055900623,0.05993452380952381,0.09660222567287784,0.0017256410256410234,0.0024993589743589795,0.0022602564102564148
1.8803183229813665,0.7916097308488613,0.7045289855072465,0.0633980769230769,0.04464935897435902,0.037951923076923064
0.10809057971014494,0.093078933747412,0.15458436853002072,0.0017628205128205265,0.0024500000000000064,0.002262179487179476
0.05143711180124224,0.053625776397515534,0.0667590579710145,0.002280769230769244,0.002987179487179494,0.0024301282051282123
1.6939208074534162,0.7025776397515529,0.7257738095238097,0.16356083333333332,0.1600096153846154,0.13184294871794874
0.9149585921325052,0.3518452380952381,0.4205046583850932,0.01942948717948717,0.01858782051282051,0.01779871794871796
0.8621583850931679,0.3660507246376812,0.3915398550724638,0.008730769230769243,0.012176923076923071,0.01205192307692307
0.04929943064182195,0.05197153209109732,0.06482427536231884,0.0024474358974359103,0.0032339743589743604,0.0023871794871794805
2.328361801242236,1.026674430641822,0.8745419254658385,0.06135384615384614,0.04942884615384617,0.04741538461538465
2.540398550724638,1.4001397515527951,0.6995781573498966,0.1525282051282051,0.11152307692307696,0.06044358974358975
1.0900517598343684,0.4677406832298137,0.5693452380952382,0.016433333333333362,0.018012179487179505,0.018415384615384625
0.0558664596273292,0.04878959627329193,0.0669052795031056,0.0012551282051282064,0.0017570512820512865,0.0014134615384615349
0.04182712215320911,0.046149068322981365,0.06573162525879918,0.001989102564102563,0.002559615384615386,0.0020772435897435933
0.0865388198757764,0.08009756728778468,0.10239570393374743,0.0015038461538461562,0.002005128205128224,0.0016269230769230885
1.5200569358178055,0.6525465838509318,0.7481418219461698,0.026701923076923092,0.021985897435897413,0.019565384615384637
1.4351708074534162,0.6035843685300207,0.6484368530020704,0.07224679487179489,0.06867307692307695,0.058676282051282065
1.5703338509316769,0.9430926501035196,0.596092132505176,0.06600769230769228,0.053507051282051264,0.04732692307692305
2.5820574534161493,1.1555719461697724,0.8825077639751553,0.05653397435897435,0.04044551282051282,0.04088076923076922
0.07426190476190478,0.07112836438923396,0.10216821946169774,0.0021153846153846045,0.0028724358974358986,0.002489743589743595
2.297158385093168,1.1474301242236025,1.1592572463768116,0.026544871794871833,0.026470512820512847,0.028785897435897437
0.4374042443064183,0.2833592132505176,0.3311568322981367,0.007410256410256401,0.008934615384615378,0.007614102564102582
0.06910921325051761,0.06784989648033128,0.1297608695652174,0.0032891025641025623,0.005047435897435897,0.004228461538461536
1.5929166666666668,0.7555201863354037,0.7866511387163562,0.029113461538461557,0.027953205128205136,0.028827564102564124
0.046547877846790896,0.054494047619047616,0.07423162525879917,0.002851282051282056,0.003799358974358978,0.002776282051282072
0.06500828157349897,0.05055848861283644,0.12684057971014495,0.002224679487179484,0.003581089743589747,0.0035730769230769227
0.06980978260869565,0.06727432712215321,0.09361387163561076,0.002392307692307697,0.0032552564102564033,0.0026905128205128195
0.9143297101449276,0.32821687370600416,0.4556961697722568,0.02625064102564104,0.026414102564102558,0.024337820512820543
