S1,Tm,zetaM,mu1,R1,moatAmpli,RI,GMFile,GMScale,mu2,mu3,R2,R3,beam,roofBeam,col,moatGap,Tfb,T1,T2,ST1,ST2,GMSavg,GMS1,GMST1,GMST2,GMSTm,maxDisplacement,driftMax1,driftMax2,driftMax3,accMax0,accMax1,accMax2,accMax3,velMax0,velMax1,velMax2,velMax3,collapseDrift1,collapseDrift2,collapseDrift3,serviceDrift1,serviceDrift2,serviceDrift3,occupancyDrift1,occupancyDrift2,occupancyDrift3,resDrift1,resDrift2,resDrift3,impactedLeft,impactedRight,impacted,uplifted,runFailed,collapsed,serviceFailure,Bm,DesignDm,earthquakeDm,gapRatio,Ss,Tshort
0.85963722,3.166952254,0.154618025,0.026557829,37.90342486,0.871400972,1.243627001,RSN1541_CHICHI_TCU116-E,1.996651824,0.092449919,0.092449919,68.22616474,68.22616474,W21X62,W21X44,W14X132,17.02488715,1.359423226,2.349518703,3.733806321,0.365878007,0.230230801,0.507855287,1.189380333,0.387301872,0.266748804,0.278903168,18.1718,0.029846795,0.03033141,0.025212179,2.241798654,0.957769151,0.417587992,0.593211698,42.1783,43.0405,43.6874,47.1915,0,0,0,1,1,1,1,1,1,0.004649872,0.009026282,0.009300256,1,1,1,0,0,-1,1,1.363854076,19.53737451,20.07455629,0.848082862,2.2815,0.376785983
1.019278819,3.547999191,0.147609802,0.024488936,39.46542588,1.164281473,0.945605415,RSN164_IMPVALL.H_H-CPE147,7.825504682,0.082570819,0.082570819,82.87739435,82.87739435,W24X68,W18X40,W14X159,30.68958645,1.209230837,2.38172575,4.115232261,0.427958097,0.247684397,0.60216813,0.751657097,0.337927746,0.246455135,0.312739104,26.2075,0.005563462,0.006855769,0.005024359,0.471746894,0.149110248,0.151908644,0.163666408,45.6025,45.6913,47.1632,48.647,0,0,0,0,0,0,0,0,0,0.00073089,0.000943378,0.000947244,0,0,0,0,0,-1,-1,1.342829407,26.35925002,28.69496832,1.069511076,2.2815,0.446758194
1.201102458,3.899942625,0.141033553,0.037105011,22.2819256,1.155122284,1.690497358,RSN523_PALMSPR_IND000,19.83949186,0.056436205,0.056436205,95.81228008,95.81228008,W24X55,W18X40,W14X132,40.02678703,1.371024677,1.248829376,4.424731224,0.961782675,0.271452072,0.709585648,1.486165225,1.168475823,0.168461363,0.211442156,18.3005,0.006746154,0.009507051,0.007822372,0.606446687,0.141354037,0.141781832,0.231316253,43.6781,46.7695,51.682,55.7516,0,0,0,0,0,0,0,1,1,0.000482269,0.000684923,0.000735035,0,0,0,0,0,-1,-1,1.32310066,34.65155818,23.78989407,1.682512201,2.2815,0.526452973
0.863362057,3.806628924,0.129343841,0.027467385,28.76312018,1.476578534,1.58609952,RSN5807_IWATE_55462NS,6.60553199,0.040129519,0.040129519,89.16567257,89.16567257,W21X55,W21X44,W14X120,36.87575669,1.44837497,1.361807717,4.268498687,0.63398235,0.202263634,0.510055841,0.743794131,0.863027843,0.126535141,0.188673835,16.6212,0.00616859,0.008312179,0.005537821,0.470693582,0.114477226,0.116736025,0.148372412,50.7869,49.9769,48.0992,46.8631,0,0,0,0,0,0,0,1,0,0.000141859,0.000177609,6.55E-05,0,0,0,0,0,-1,-1,1.288031523,24.97378626,20.7751253,1.774995633,2.2815,0.378418609
0.815502778,3.328658026,0.167257773,0.02518392,26.75788556,1.797578291,1.790765931,RSN1549_CHICHI_TCU129-E,1.609665509,0.061119224,0.061119224,74.92207956,74.92207956,W21X55,W21X44,W14X120,34.07077639,1.44837497,1.792973833,3.912742061,0.454832504,0.20842232,0.481781602,0.936672247,0.450263169,0.172190642,0.157811949,17.8564,0.007523718,0.009914103,0.006748077,0.470812629,0.148660973,0.137766304,0.164391046,60.8484,61.1075,60.5149,59.7064,0,0,0,0,0,0,1,1,0,0.000893141,0.001130577,0.000871212,0,0,0,0,0,-1,-1,1.40177332,18.95370931,12.20893649,2.790642447,2.2815,0.357441498
0.873309728,2.641541346,0.118509796,0.02621623,29.62077466,1.309318271,1.770893617,RSN5804_IWATE_55446NS,6.397109673,0.130400474,0.130400474,44.43116199,44.43116199,W24X62,W18X40,W14X145,23.54623298,1.290992192,2.199054286,3.013145773,0.397129681,0.289833215,0.515932712,0.859470876,0.308330219,0.335096698,0.351495269,23.8981,0.015483333,0.017752564,0.014160256,0.86073499,0.488465321,0.346539855,0.38757764,49.5931,50.7631,52.4408,52.7798,0,0,0,0,0,0,1,1,1,0.004164917,0.003597936,0.002800276,0,1,1,0,0,-1,-1,1.255529389,17.98358237,19.1198644,1.231506274,2.2815,0.382778754
1.242039629,2.892756066,0.105742512,0.028510397,19.80686386,1.43320084,1.192553774,RSN3979_SANSIMEO_37737090,10.79841496,0.082688159,0.082688159,49.51715965,49.51715965,W24X84,W21X44,W14X193,41.40568107,1.06325684,1.628444777,3.180930424,0.762715228,0.390464255,0.733770453,1.658732643,0.558800058,0.383089284,0.377211524,31.958,0.00903141,0.011726282,0.008917949,0.490075052,0.32873706,0.303804348,0.384189959,91.417,93.4386,95.3216,96.4134,0,0,0,0,0,0,1,1,1,9.87E-05,0.000194321,0.000388833,0,0,0,0,0,-1,-1,1.217227536,28.89035501,25.38131921,1.63134472,2.2815,0.544396068
0.891569716,3.012857109,0.125360058,0.028377552,16.33376833,1.769851892,1.771918088,RSN1107_KOBE_KAK000,4.299595419,0.053911492,0.053911492,55.53481233,55.53481233,W24X55,W21X44,W14X132,36.46449364,1.354744251,1.2572966,3.368673822,0.709116461,0.264664899,0.526720323,1.013925862,0.759222621,0.155470602,0.17920864,10.7616,0.005173718,0.006377564,0.004795,0.442906315,0.151754917,0.116782867,0.145213509,32.8712,34.2541,36.1285,40.7488,0,0,0,0,0,0,0,0,0,7.50E-06,1.25E-05,0.000189321,0,0,0,0,0,-1,-1,1.276080174,20.60313284,12.47715105,2.922501577,2.2815,0.390782255
0.821697558,3.901861039,0.144907826,0.015414185,41.37637024,0.835229403,1.23662598,RSN347_COALINGA.H_H-Z09000,7.630128689,0.056531798,0.056531798,99.30328857,99.30328857,W21X55,W21X44,W14X132,19.63702307,1.414772752,2.479819396,4.504619607,0.331353791,0.182412197,0.485441346,0.985330403,0.360126684,0.111837681,0.173885005,15.9639,0.004748077,0.006337179,0.004227564,0.155358437,0.077647516,0.09335352,0.108172878,33.5525,34.5324,38.0019,40.7634,0,0,0,0,0,0,0,0,0,0.000108929,0.00011916,0.000117705,0,0,0,0,0,-1,-1,1.334723478,23.51093364,19.41296225,1.011541815,2.2815,0.360156721
1.207910417,3.53362895,0.180317023,0.029900457,17.28953155,0.886493526,1.761059745,RSN1541_CHICHI_TCU116-E,2.80557482,0.079449603,0.079449603,86.44765775,86.44765775,W24X62,W21X44,W14X145,25.70155424,1.275236509,1.484363076,4.202937412,0.813756713,0.287396718,0.713607645,1.67124557,0.881535672,0.376167451,0.402852436,26.7445,0.021413462,0.022383974,0.01905641,2.454979296,0.916436335,0.47001294,0.610062112,63.6958,63.5231,62.3339,60.8958,0,0,0,0,0,0,1,1,1,0.001483782,0.002509295,0.001308654,1,1,1,0,0,-1,-1,1.440951069,28.99237669,34.16772245,0.752217368,2.2815,0.529436957
1.221485732,2.863088315,0.117955619,0.022789987,15.56269734,0.39369824,0.994039485,RSN882_LANDERS_FHS000,8.379347855,0.085886513,0.085886513,49.80063148,49.80063148,W27X84,W21X44,W14X211,10.74762673,0.993685269,1.52847726,3.190022397,0.799152048,0.382908199,0.721627651,1.30035999,1.163385712,0.313775626,0.369628807,12.4566,0.023105897,0.021922436,0.019069872,3.007375776,1.485698758,0.837230849,1.01552795,57.786,53.9853,54.1115,61.0666,0,0,0,0,0,0,1,1,1,0.005166415,0.004266923,0.0042025,1,1,1,0,0,-1,-1,1.253866857,27.2991485,23.65163989,0.454413596,2.2815,0.535387128
1.271673873,3.370995117,0.193507316,0.064586751,34.89975576,0.990845653,1.012106571,RSN187_IMPVALL.H_H-PTS225,8.078944696,0.088800736,0.088800736,80.26943824,80.26943824,W24X76,W21X44,W14X193,28.0803432,1.096350185,1.394480216,4.04996639,0.911933965,0.313996155,0.751277731,0.888731582,0.910913343,0.516199329,0.471238247,30.2007,0.067414103,0.067684615,0.061528846,3.682479296,1.826066253,0.875416667,0.897556936,78.4727,78.5695,78.254,78.5166,1,1,1,1,1,1,1,1,1,0.052383333,0.047648077,0.041063462,1,1,1,0,0,1,1,1.480521948,28.33977533,35.40130805,0.793200725,2.2815,0.557384998
0.893056116,3.352952819,0.170284571,0.036510905,36.19225433,1.561219355,0.985203336,RSN352_COALINGA.H_H-PG3000,8.309117736,0.066324013,0.066324013,76.0037341,76.0037341,W21X68,W21X44,W14X159,32.43138633,1.260409578,1.823275758,3.940885095,0.489808583,0.226613082,0.527598456,1.55807341,0.567754134,0.132947921,0.161993139,16.15,0.005691667,0.007841667,0.00573141,0.549808489,0.14196765,0.145647516,0.191358437,50.5537,51.3562,51.5962,51.14,0,0,0,0,0,0,0,1,0,0.000181752,0.000251067,0.000124638,0,0,0,0,0,-1,-1,1.410853713,20.77311316,12.63417539,2.566957109,2.2815,0.391433757
1.219557098,2.666299106,0.149521645,0.064112157,35.84822852,0.419107244,1.5175384,RSN725_SUPER.B_B-POE270,4.02247746,0.158813186,0.158813186,46.60269708,46.60269708,W24X76,W21X44,W14X176,9.891033917,1.123718595,2.08999009,3.085899892,0.583522909,0.395203066,0.720488254,1.353012988,0.677886833,0.420584373,0.557157583,11.8833,0.065552756,0.067673077,0.058355128,4.463923395,1.461006729,0.700496894,0.733382505,56.916,56.5142,55.8736,73.5139,1,1,1,1,1,1,1,1,1,0.032571833,0.03519641,0.034805769,1,1,1,0,0,1,1,1.348564934,23.60024565,28.74758045,0.344064918,2.2815,0.534541792
0.839329841,3.145698049,0.136458303,0.018112195,32.20663521,0.300657759,1.906185358,RSN5807_IWATE_55462NS,6.421662926,0.083039215,0.083039215,64.41327042,64.41327042,W21X55,W21X44,W14X120,5.933835179,1.448374969,2.268402429,3.627972465,0.370009232,0.231349562,0.495858122,0.723090162,0.34015357,0.223576422,0.3471785,7.38099,0.084904551,0.074723077,0.030083974,3.147412008,1.329539337,0.469769669,0.532867495,38.6323,38.1827,49.7746,61.3344,1,1,0,1,1,1,1,1,1,0.065783449,0.05585641,0.017714744,1,1,1,0,0,1,1,1.30937491,19.73617845,25.68030958,0.231065562,2.2815,0.367885093
1.014529355,3.198517435,0.132173309,0.024365911,39.37455036,0.982462189,0.995384281,RSN65_SFERN_OPP000,18.27216706,0.11493621,0.11493621,66.93673562,66.93673562,W24X76,W18X40,W14X193,24.06729994,1.111110091,2.517958543,3.698354792,0.402917418,0.274319099,0.599362248,1.132588947,0.381415345,0.141602602,0.204931826,19.1408,0.004894872,0.006454487,0.005409615,0.281123188,0.12795264,0.164453416,0.193040114,70.1448,71.8499,74.1183,76.2267,0,0,0,0,0,0,0,0,0,2.37E-06,4.04E-06,0.000199231,0,0,0,0,0,-1,-1,1.296519926,24.49692234,15.82723464,1.520625712,2.2815,0.444676465
1.055357225,2.725089149,0.186350644,0.045558861,17.44723286,1.22626982,1.018901977,RSN5807_IWATE_55462NS,8.074475656,0.098924133,0.098924133,52.34169859,52.34169859,W24X76,W21X44,W14X193,23.65771921,1.096350182,1.386812737,3.270395025,0.760994759,0.32270023,0.623482481,0.909199686,0.947874985,0.395392366,0.52071846,24.3365,0.012948718,0.015316026,0.013383974,1.547575052,0.740403727,0.508423913,0.583869048,75.776,76.6963,77.4484,78.179,0,0,0,0,0,0,1,1,1,0.00193119,0.00180475,0.001446301,0,1,1,0,0,-1,-1,1.459051932,19.29242556,25.94006342,0.912014702,2.2815,0.462571652
1.069046589,3.808818617,0.184974034,0.046533691,29.49704375,0.497453013,0.739902649,RSN5807_IWATE_55462NS,8.179212171,0.060441511,0.060441511,100.2899487,100.2899487,W24X76,W21X44,W14X193,13.62625868,1.096350182,1.177680343,4.526942852,0.907756162,0.236151996,0.631569865,0.920993195,1.330715607,0.133979846,0.233178055,15.1026,0.019132692,0.019883333,0.019550641,2.739208075,1.189831781,0.747088509,0.826834886,62.1833,62.4781,63.315,66.531,0,0,0,0,0,0,1,1,1,0.000136947,0.002044292,0.003426404,1,1,1,0,0,-1,-1,1.454922101,27.39205174,22.75652253,0.598784751,2.2815,0.468571812
0.85249172,3.596172833,0.188657346,0.0254183,20.72155769,0.606162073,1.19009675,RSN65_SFERN_OPP000,15.35379045,0.056527859,0.056527859,91.17485383,91.17485383,W24X55,W21X44,W14X132,12.40712561,1.354744251,1.526522333,4.316322093,0.558453487,0.197504195,0.503633878,0.951695182,1.096429952,0.081971327,0.127666662,13.1726,0.013121795,0.01543141,0.01295641,1.590745342,0.643377329,0.355784161,0.456063665,56.7029,57.836,58.9011,59.4197,0,0,0,0,0,0,1,1,1,0.002499615,0.002595045,0.001617013,0,1,1,0,0,-1,-1,1.465972038,20.46833044,11.02326655,1.125539834,2.2815,0.373654052
1.041460091,2.690939626,0.148065523,0.038974606,24.98050778,0.767681023,0.775051154,RSN577_SMART1.45_45O01EW,3.897398725,0.110707721,0.110707721,47.46296478,47.46296478,W30X90,W18X50,W14X257,15.66541806,0.89090999,1.818644557,3.114251905,0.572657305,0.334417421,0.615272351,1.044431536,0.430259906,0.350185182,0.437377817,16.5975,0.010785897,0.013985256,0.01561859,1.742292961,0.994047619,0.680698758,0.945033644,40.955,42.1315,47.7949,56.4151,0,0,0,0,0,0,1,1,1,0.000374231,0.000370321,0.000507756,1,1,1,0,0,-1,-1,1.34419657,20.40615515,23.06105961,0.679301746,2.2815,0.456480425
0.819855244,3.540820305,0.126519774,0.020075805,38.91778244,0.531959516,1.199951625,RSN1106_KOBE_KJM000,1.035634342,0.056550436,0.056550436,77.83556487,77.83556487,W24X55,W21X44,W14X132,11.81235811,1.35474425,2.264789419,3.98809365,0.362000651,0.205575725,0.484352946,1.581298685,0.271132647,0.085298937,0.099237214,9.61487,0.005115769,0.008207308,0.006791218,0.258500259,0.11402588,0.101291408,0.213954451,29.667,32.6883,37.3767,40.9487,0,0,0,0,0,0,0,1,0,7.83E-06,8.60E-06,0.000177603,0,0,0,0,0,-1,-1,1.279559321,22.20537041,9.51698305,1.241187259,2.2815,0.359349219
0.962473646,3.3381558,0.102699882,0.016105181,22.59417686,1.311780743,0.849369992,RSN357_COALINGA.H_H-SC3000,11.72533767,0.052621387,0.052621387,65.52311289,65.52311289,W24X76,W18X40,W14X193,34.14533079,1.11111009,1.789930829,3.659094015,0.537715553,0.263036053,0.568608849,0.952285024,0.564454883,0.248915851,0.26631999,20.0446,0.003908333,0.005028846,0.004564744,0.192707298,0.149249482,0.130708333,0.169053313,69.6795,70.4517,70.8771,70.8499,0,0,0,0,0,0,0,0,0,0.000157929,0.000224705,0.000398173,0,0,0,0,0,-1,-1,1.208099646,26.02975457,24.04316266,1.420168023,2.2815,0.421860025
1.181728204,2.755335875,0.197322347,0.067527816,34.93023632,0.713824348,0.586225747,RSN1615_DUZCE_1062-N,15.34799702,0.14442716,0.14442716,55.88837812,55.88837812,W30X108,W24X55,W14X342,15.24760586,0.767509364,1.949458305,3.379380242,0.606182857,0.349687848,0.698139753,1.471382392,0.487899039,0.275867778,0.267984512,16.4633,0.009425641,0.012830128,0.013365385,1.95822205,1.182828675,0.815049172,1.139443582,47.2448,46.1399,44.1642,47.061,0,0,0,0,0,0,1,1,1,0.000579032,0.001205654,0.001773333,1,1,1,0,0,-1,-1,1.49196704,21.36044518,13.3467935,1.142417155,2.2815,0.51796108
0.813574733,3.723767316,0.182501327,0.026130612,32.21529682,1.28208085,1.765460432,RSN523_PALMSPR_IND000,13.43841167,0.05436979,0.05436979,96.64589047,96.64589047,W21X50,W21X44,W14X120,26.26352503,1.504911272,1.849075191,4.443938123,0.439990075,0.183075171,0.480642555,1.006663893,0.567238433,0.112560085,0.132772107,12.2049,0.005846154,0.008541667,0.006301923,0.399451346,0.087749482,0.109003106,0.166143375,27.6238,30.2538,34.3665,37.3622,0,0,0,0,0,0,0,1,0,0.000505468,0.000705536,0.000427911,0,0,0,0,0,-1,-1,1.44750398,20.48507708,12.44885856,2.109713506,2.2815,0.35659642
1.058329865,2.795039885,0.156168844,0.053256459,41.47456255,1.662107644,1.636744287,RSN294_ITALY_A-TRC000,18.77281373,0.171276902,0.171276902,53.91693131,53.91693131,W24X62,W21X44,W14X132,35.16403584,1.307993881,2.416553613,3.319241796,0.437950087,0.318846872,0.625238653,1.367244486,0.548068582,0.307971884,0.363704919,19.374,0.0092,0.011594872,0.008080128,0.661115424,0.199315994,0.200167702,0.256665631,43.5611,46.6927,50.9923,54.0521,0,0,0,0,0,0,1,1,1,0.000107332,0.000126159,0.000219024,0,0,0,0,0,-1,-1,1.368506533,21.15629271,20.32149711,1.730386086,2.2815,0.463874585
0.894892427,2.914172587,0.133537069,0.028008858,31.96885335,0.414897643,1.557380994,RSN36_BORREGO_A-ELC180,4.08777024,0.094897802,0.094897802,54.3470507,54.3470507,W24X55,W18X40,W14X132,8.14248484,1.371024676,2.145798458,3.332455032,0.417044026,0.268538485,0.52868331,0.74567674,0.649156507,0.266612587,0.349491116,10.179,0.077709038,0.068945513,0.052220513,4.473628364,1.452380952,0.873444617,0.536053313,50.9111,53.3486,58.6176,63.2387,1,1,1,1,1,1,1,1,1,0.067058981,0.051860256,0.034152564,1,1,1,0,0,1,1,1.300611207,19.62528583,22.33554565,0.364552761,2.2815,0.392238627
1.253680378,3.231623742,0.195734792,0.05501117,34.31387693,1.378567838,1.166777128,RSN787_LOMAP_SLC270,3.726395652,0.108619814,0.108619814,75.49052924,75.49052924,W24X76,W21X44,W14X193,36.75720559,1.096350183,1.860261871,3.927557414,0.673926826,0.319201032,0.740647559,2.069028644,0.682337604,0.242686061,0.410491947,17.7484,0.005314103,0.007096795,0.005595513,0.483612836,0.187333075,0.1885603,0.229011905,63.0828,62.6307,61.4518,60.4272,0,0,0,0,0,0,0,1,0,2.81E-06,5.72E-06,0.00018166,0,0,0,0,0,-1,-1,1.487204375,26.66332739,28.21323906,1.302835364,2.2815,0.549498303
1.101483856,2.697633355,0.138207054,0.051925684,20.75669751,1.67730197,1.724299838,RSN36_BORREGO_A-ELC180,5.031457178,0.08206567,0.08206567,45.66473452,45.66473452,W24X68,W21X44,W14X159,37.10642187,1.194308717,1.24809084,3.054687417,0.882535005,0.360588075,0.650733108,0.917820808,1.219386622,0.387440138,0.520155491,29.1715,0.013261538,0.016742949,0.011908333,0.383077122,0.270414079,0.324516046,0.389686853,68.9147,69.3997,68.7602,67.7483,0,0,0,0,0,0,1,1,1,0.003776532,0.004731776,0.003426635,0,0,0,0,0,-1,-1,1.314621163,22.12268425,28.18225853,1.316658913,2.2815,0.48278933
1.299311003,3.027166069,0.18801727,0.061071499,28.09167945,0.545884207,1.466004504,RSN3747_CAPEMEND_CRW270,5.498978029,0.111694498,0.111694498,64.61086273,64.61086273,W24X68,W21X44,W14X159,14.35393014,1.194308718,1.612958544,3.633532737,0.805545194,0.357588908,0.767605156,1.000506608,0.673161384,0.440447731,0.4704933,16.0721,0.045950641,0.045776282,0.036669231,3.632712215,1.367494824,0.643255694,0.749283126,57.7098,58.461,62.9286,71.3111,0,0,0,1,1,1,1,1,1,0.00647141,0.003654295,0.003714295,1,1,1,0,0,-1,1,1.46405181,26.29482581,28.8235104,0.497993823,2.2815,0.569498577
1.147319344,2.685514544,0.12182158,0.033069287,24.88418399,0.90480073,0.751309527,RSN579_SMART1.45_45O04EW,3.724538214,0.119727377,0.119727377,44.79153119,44.79153119,W30X99,W21X50,W14X283,21.56215178,0.840617295,1.918429448,3.025340503,0.598051362,0.379236434,0.677811735,1.241465685,0.40974403,0.299258387,0.44371938,21.2136,0.003925641,0.005277564,0.004603205,0.361811594,0.241190735,0.219153727,0.313056418,66.5466,67.2805,67.686,67.3257,0,0,0,0,0,0,0,0,0,6.76E-06,1.07E-05,0.000160147,0,0,0,0,0,-1,-1,1.265464741,23.83082935,24.75088586,0.871166871,2.2815,0.502879397
1.273730563,3.492427448,0.168275432,0.028168717,19.64567667,1.207874899,1.399223487,RSN1615_DUZCE_1062-N,16.54290116,0.085442581,0.085442581,82.51184201,82.51184201,W21X68,W21X44,W14X145,37.4353305,1.289918239,1.640404169,4.106146579,0.77647362,0.310200948,0.752492779,1.58593551,0.930955096,0.354816899,0.331202495,37.1675,0.008749359,0.010987179,0.008976923,0.640543478,0.227207298,0.210900621,0.31509058,62.831,65.9149,70.6263,73.5635,0,0,0,0,0,0,1,1,1,1.67E-05,1.15E-05,0.000174103,0,0,0,0,0,-1,-1,1.404826297,30.99272163,28.14512214,1.330082361,2.2815,0.558286462
1.282833047,2.556873102,0.11021159,0.064861402,37.23435997,0.646421311,1.408219725,RSN4854_CHUETSU_65020NS,12.02140679,0.332885,0.332885,40.95779597,40.95779597,W24X84,W21X44,W14X193,16.86332382,1.063256844,2.475070976,2.892974439,0.518301519,0.443430481,0.757870332,1.396205855,0.589171681,0.460527142,0.556182212,19.5484,0.099337244,0.076776282,0.047419872,7.466045549,1.508817288,1.326658903,0.841586439,82.3423,87.9223,95.1599,100.111,1,1,0,1,1,1,1,1,1,0.090400296,0.062875641,0.033337179,1,0,1,0,0,1,1,1.230634769,26.08720276,28.91902485,0.583122146,2.2815,0.562276155
1.190100305,3.608269481,0.165588562,0.031047451,37.02946231,0.420196011,0.941432952,RSN1005_NORTHR_TEM090,8.200174454,0.092404348,0.092404348,88.87070954,88.87070954,W24X76,W21X44,W14X193,12.64411043,1.096350181,2.241483266,4.261432671,0.530943203,0.279272347,0.703085811,0.88791079,0.429074924,0.299840523,0.328238495,13.8154,0.018984615,0.021733974,0.021544231,2.051705487,1.020768634,0.636345756,0.771291408,43.9009,45.092,46.3891,48.1038,0,0,0,0,0,0,1,1,1,0.004363,0.005048346,0.005470064,1,1,1,0,0,-1,-1,1.396765686,30.0909816,29.94616869,0.422227984,2.2815,0.52163064
0.849917083,3.686101294,0.122003306,0.01440991,42.37486269,0.808727366,1.822491619,RSN4031_SANSIMEO_36695090,2.627280653,0.064053098,0.064053098,84.74972537,84.74972537,W21X55,W21X44,W14X120,19.58782595,1.448374968,2.590539523,4.161457437,0.328084971,0.204235438,0.502112838,0.927092465,0.241477769,0.182112036,0.197753921,20.2505,0.017372436,0.020226282,0.015708333,1.385222567,0.581356108,0.331229296,0.414233954,42.8863,44.6784,47.1725,48.7765,0,0,0,0,0,0,1,1,1,0.005608359,0.004864874,0.002961228,0,1,1,0,0,-1,-1,1.266009918,24.22055537,20.77303281,0.942944929,2.2815,0.372525568
0.86300807,2.772039934,0.153015227,0.050772332,26.07675655,0.499124696,1.596850244,RSN725_SUPER.B_B-POE270,2.846468212,0.060137736,0.060137736,49.54583745,49.54583745,W24X55,W18X40,W14X132,8.599371749,1.371024679,0.910946375,3.181851406,0.947375273,0.271228276,0.509846714,0.957446872,0.975631092,0.279279871,0.374517382,10.2229,0.049476218,0.048262821,0.042537179,3.098524845,1.331097308,0.797080745,0.676853002,37.608,40.3358,49.9722,58.6284,0,0,0,1,1,1,1,1,1,0.026538442,0.021325064,0.015558141,1,1,1,0,0,-1,1,1.359045682,17.22890456,20.72594157,0.414908617,2.2815,0.378263454
0.938120816,3.556970181,0.191405019,0.022192036,17.33568185,1.193074571,0.709452187,RSN523_PALMSPR_IND000,15.49563086,0.064078011,0.064078011,90.14554562,90.14554562,W24X76,W21X44,W14X193,26.43158002,1.09635018,1.521691357,4.291888622,0.616498748,0.218579954,0.554221718,1.16076903,0.824402928,0.14954516,0.157545927,14.2132,0.003566538,0.005324615,0.004717308,0.302934783,0.106790114,0.106729037,0.196885352,36.7401,36.7157,36.468,38.8947,0,0,0,0,0,0,0,0,0,0.000345737,0.000489487,0.000582314,0,0,0,0,0,-1,-1,1.474215058,22.15417263,13.23378779,1.997280026,2.2815,0.411185981
1.022214513,2.784250981,0.195876731,0.05377295,23.19001991,1.409870028,0.696870639,RSN3753_LANDERS_FVR045,7.497886308,0.096284489,0.096284489,55.65604778,55.65604778,W30X90,W21X50,W14X257,26.40048461,0.883979281,1.446445644,3.372348814,0.706707865,0.303116483,0.603902475,1.799701905,0.632061194,0.132128535,0.141594889,9.0922,0.003439038,0.005240385,0.005137115,0.851420807,0.210486284,0.151990424,0.327204969,64.4086,68.7805,76.0413,82.2118,0,0,0,0,0,0,0,0,0,6.58E-05,7.96E-05,0.000234551,0,0,0,0,0,-1,-1,1.487630192,18.72547405,7.221821302,3.655654649,2.2815,0.448044932
0.999887073,3.201528529,0.126798446,0.029399336,37.62390248,1.407436201,0.511950121,RSN3966_TOTTORI_TTR009NS,4.560064263,0.08581244,0.08581244,63.96063421,63.96063421,W30X99,W21X50,W14X311,34.44057108,0.820290858,2.248138685,3.615202994,0.444762185,0.276578404,0.590711901,0.747110897,0.554462133,0.267558491,0.338119362,34.3495,0.003583333,0.004458333,0.003645513,0.5863794,0.278405797,0.243732143,0.247552019,81.6539,82.6988,83.9361,84.9289,0,0,0,0,0,0,0,0,0,3.20E-05,5.35E-05,0.000252327,0,0,0,0,0,-1,-1,1.280395337,24.47043146,26.49220399,1.300026645,2.2815,0.438258634
1.016836122,3.951222461,0.145914886,0.034797162,24.21023009,0.787235614,1.008310185,RSN138_TABAS_BOS-L1,7.129586035,0.047367606,0.047367606,99.26194336,99.26194336,W21X68,W21X44,W14X159,23.14149097,1.260409578,1.145804069,4.503681754,0.88744328,0.225778858,0.600725037,1.191383058,0.770374428,0.288454763,0.254437415,24.6069,0.033571795,0.03304359,0.028917308,2.385898033,1.185059524,0.563348861,0.724632505,51.6011,51.9573,52.1848,54.0259,0,0,0,1,1,1,1,1,1,0.021418141,0.017260769,0.013170385,0,1,1,0,0,-1,1,1.337744657,29.39588931,29.06351214,0.796238626,2.2815,0.44568754
1.026494243,3.27666089,0.160409077,0.03628461,35.88561459,0.558061325,1.188114409,RSN82_SFERN_PHN180,13.22315874,0.085247502,0.085247502,71.77122918,71.77122918,W21X68,W18X40,W14X145,13.30093559,1.306095501,2.052244977,3.829583113,0.500181145,0.268043339,0.606430848,0.766322644,0.715686165,0.476610208,0.520993551,15.0847,0.050395513,0.050396154,0.039819231,4.251863354,1.35877588,0.688190994,0.728056418,58.9289,58.0749,56.4355,61.7296,1,1,0,1,1,1,1,1,1,0.038170077,0.033696795,0.024694872,1,1,1,0,0,1,1,1.381227232,23.83418271,39.63762195,0.33556341,2.2815,0.449920773
1.087091961,3.50692352,0.173808919,0.048205,18.84684776,1.203804283,1.411631637,RSN522_PALMSPR_INO225,17.68849381,0.063211002,0.063211002,82.92613015,82.92613015,W21X62,W18X40,W14X132,31.60103867,1.375853995,0.956162757,4.116442058,1.136931921,0.26408533,0.642230684,1.242884494,1.34494614,0.168990814,0.231158021,15.1388,0.006225,0.008467308,0.006715385,0.764334886,0.16967676,0.132368271,0.225005952,41.525,43.6569,47.6146,51.7612,0,0,0,0,0,0,0,1,0,1.37E-05,1.79E-06,0.000199167,0,0,0,0,0,-1,-1,1.421426758,26.25097711,19.57557162,1.61430988,2.2815,0.476481245
1.15185357,3.591934805,0.18463379,0.036651858,42.10691529,1.179295637,0.877453809,RSN357_COALINGA.H_H-SC3000,14.03245908,0.098208019,0.098208019,92.63521365,92.63521365,W24X76,W21X44,W14X193,32.846632,1.096350181,2.322283891,4.350752326,0.496000327,0.264748136,0.680490458,1.139660197,0.52497349,0.150168126,0.315415751,18.6476,0.003871795,0.005178846,0.00483141,0.673361801,0.161068841,0.130589027,0.21271765,72.8139,74.4472,75.7881,75.6089,0,0,0,0,0,0,0,0,0,0.000293538,0.000414071,0.000518897,0,0,0,0,0,-1,-1,1.453901371,27.85275462,27.39571902,1.198969517,2.2815,0.504866785
1.149319129,3.528301348,0.124325735,0.028015264,21.13193086,1.504557916,0.811580347,RSN882_LANDERS_FHS000,7.884287569,0.059794983,0.059794983,76.0749511,76.0749511,W24X84,W21X44,W14X211,46.91070611,1.040306368,1.514915995,3.942731006,0.758668555,0.291503307,0.678993164,1.223533416,1.125395755,0.179239639,0.259689271,17.1807,0.003163462,0.004461603,0.004153526,0.434743789,0.135355849,0.122487319,0.19120264,43.5129,44.1065,44.6646,45.0731,0,0,0,0,0,0,0,0,0,0.000517083,0.000512821,0.000463731,0,0,0,0,0,-1,-1,1.272977204,31.17906304,24.85662172,1.887251881,2.2815,0.503755919
1.072760716,2.852189953,0.178069161,0.068779056,39.5497795,1.08959519,1.54158634,RSN3747_CAPEMEND_CRW270,4.540165974,0.085968424,0.085968424,55.3696913,55.3696913,W24X62,W21X44,W14X145,22.75159673,1.275236514,1.271185182,3.363662073,0.843905932,0.318926424,0.633764091,0.826056412,0.700529529,0.347464463,0.493707028,24.1102,0.045937821,0.038669231,0.026073077,3.554994824,0.725750518,0.567709627,0.613382505,60.533,63.4208,67.4008,71.0174,0,0,0,1,1,1,1,1,1,0.034161923,0.024268718,0.012563397,1,1,1,0,0,-1,1,1.434207483,20.88077934,27.40889947,0.830080637,2.2815,0.470199744
0.880231617,3.319557545,0.154051317,0.041726241,39.59803672,1.519611491,0.563202843,RSN122_FRIULI.A_A-COD000,8.611286028,0.05445474,0.05445474,71.2764661,71.2764661,W27X84,W18X50,W14X233,31.90515962,0.969212232,1.375257057,3.816360454,0.640048791,0.230646876,0.520022017,1.102087886,1.108153583,0.131526156,0.156365479,13.4478,0.002530769,0.003815064,0.003720705,0.409363354,0.114280538,0.106076605,0.196888458,36.7334,36.9556,36.8999,37.1339,0,0,0,0,0,0,0,0,0,4.22E-06,6.99E-06,0.00016609,0,0,0,0,0,-1,-1,1.36215395,20.99560303,12.38090721,2.576964602,2.2815,0.385812675
0.867891673,3.019119048,0.164622507,0.025089618,26.01420371,1.059426312,0.834118044,RSN1148_KOCAELI_ARE000,8.20913886,0.083025868,0.083025868,62.43408891,62.43408891,W24X76,W21X44,W14X193,19.49271785,1.09635018,1.925972385,3.571800523,0.45062519,0.242984362,0.512731841,0.957435149,0.306126683,0.316243549,0.371412849,21.3222,0.040902564,0.043489744,0.041892308,3.563664596,1.542823499,0.902450828,0.93800207,56.43,55.4169,52.8924,59.2831,0,0,0,1,1,1,1,1,1,0.030567942,0.030089808,0.026127372,1,1,1,0,0,-1,1,1.393867522,18.39931445,23.7724139,0.819972172,2.2815,0.380403977
1.186655381,3.281133188,0.169018346,0.041939265,39.12413711,1.174880753,1.226549062,RSN471_MORGAN_SJL270,16.66917013,0.111437457,0.111437457,74.33586052,74.33586052,W24X68,W21X44,W14X159,31.82061417,1.194308716,2.232902964,3.897404605,0.53144064,0.304473233,0.701050624,1.629220185,0.429059818,0.269527908,0.390462969,18.0347,0.005888462,0.007858974,0.006935897,0.693278986,0.183004658,0.166520704,0.271780538,46.7495,47.3491,47.6274,51.3249,0,0,0,0,0,0,0,1,0,7.56E-06,1.69E-06,0.000182705,0,0,0,0,0,-1,-1,1.407055037,27.08412244,29.24111085,1.088214956,2.2815,0.520120702
1.298010974,3.183481076,0.162820842,0.046394306,30.88755181,0.484029187,1.262565707,RSN138_TABAS_BOS-L1,9.101054453,0.106768582,0.106768582,67.95261399,67.95261399,W24X76,W21X44,W14X176,14.09923032,1.123718593,1.889175392,3.726313511,0.687078066,0.348336491,0.766837127,1.520823513,0.971572221,0.276833747,0.378314573,16.04,0.073094872,0.066630769,0.048102564,3.672204969,1.578330745,0.779391822,0.861081781,55.2389,55.8334,56.5181,57.2845,1,1,0,1,1,1,1,1,1,0.06329181,0.053823974,0.035173077,0,1,1,0,0,1,1,1.388462526,29.12888459,27.02718626,0.521668448,2.2815,0.568928764
1.183999702,3.544193171,0.134332151,0.042556228,17.7261718,1.606030537,0.56900306,RSN725_SUPER.B_B-POE270,3.905198143,0.057770009,0.057770009,77.99515592,77.99515592,W30X99,W21X50,W14X283,50.62405436,0.840617296,0.976677399,3.992180074,1.212273062,0.296579733,0.699481705,1.313564553,1.290342227,0.196492874,0.297502506,25.0131,0.002726282,0.003444872,0.002851282,0.552914079,0.156110507,0.167322205,0.195217391,75.3785,75.7921,75.8786,75.5362,0,0,0,0,0,0,0,0,0,9.31E-06,7.02E-06,0.000163436,0,0,0,0,0,-1,-1,1.302996453,31.52122776,28.0711073,1.803422067,2.2815,0.518956696
1.182152916,2.848315891,0.144650778,0.032182498,22.98483388,0.877001572,1.06116673,RSN138_TABAS_BOS-L1,8.288711168,0.112296158,0.112296158,52.86511792,52.86511792,W24X84,W21X44,W14X193,21.66702337,1.06325684,1.830491981,3.286706396,0.645811578,0.359677067,0.698390664,1.38507762,0.874085286,0.322631999,0.37196661,22.3503,0.013021154,0.01481859,0.011932692,1.226992754,0.711004141,0.523726708,0.555455487,52.5356,50.7581,51.4823,53.0422,0,0,0,0,0,0,1,1,1,0.002046923,0.001439615,0.000811923,0,1,1,0,0,-1,-1,1.333952335,24.70579765,22.14202475,0.978547518,2.2815,0.518147235
1.086831817,3.023016869,0.189790147,0.068627907,33.56362673,0.560782304,1.7332066,RSN4882_CHUETSU_65321NS,6.073835368,0.07803458,0.07803458,63.77089078,63.77089078,W24X62,W21X44,W14X132,12.27278983,1.307993883,0.90925399,3.609836643,1.195300575,0.301075069,0.642076997,1.003250009,1.043209322,0.236969446,0.363952752,13.1551,0.019973718,0.021459615,0.017726282,1.863165114,0.758654244,0.454208075,0.535362319,45.0705,43.7613,46.086,49.7127,0,0,0,0,0,0,1,1,1,0.005406731,0.002857949,0.0004525,1,1,1,0,0,-1,-1,1.469370441,21.88512323,22.15502429,0.553950637,2.2815,0.476367222
1.142597957,3.861612333,0.17997732,0.034067575,34.48091608,0.413538066,1.909819085,RSN20_NCALIF.FH_H-FRN044,3.143928697,0.073745948,0.073745948,103.4427482,103.4427482,W24X55,W18X40,W14X120,12.40260802,1.403040284,1.947034066,4.597548639,0.586840249,0.248523299,0.67502244,0.83298045,0.937483116,0.182099315,0.238650376,14.6355,0.130110577,0.055989744,0.026192308,86.5944617,24.15357143,7.216537267,1.740157867,68.889,89.0626,70.1181,79.8202,1,1,0,1,1,1,1,1,1,0.1229875,0.044033333,0.014848718,1,1,1,0,0,1,1,1.43993196,29.99145431,24.1899449,0.512717498,2.2815,0.500809974
1.073262551,2.600170503,0.138904039,0.057345896,18.43319769,0.429114047,1.477027299,RSN930_BIGBEAR_SB2270,9.983291485,0.077677717,0.077677717,42.39635469,42.39635469,W24X68,W21X44,W14X159,8.901579658,1.194308718,0.992925251,2.943340903,1.080909715,0.364640926,0.634060565,1.067222845,1.08290989,0.2648434,0.554121833,10.6279,0.038470256,0.033977564,0.027134615,3.414570393,1.427342133,0.630587474,0.759334886,52.1088,47.3546,50.3333,52.9985,0,0,0,1,1,1,1,1,1,0.007499526,0.008097756,0.006533205,1,1,1,0,0,-1,1,1.316712118,20.74408826,27.84809327,0.319647725,2.2815,0.470419702
1.137897264,2.936268726,0.134236101,0.019591678,19.58234009,0.351095714,1.512394399,RSN3964_TOTTORI_TTR007NS,4.421396218,0.09577306,0.09577306,54.83055226,54.83055226,W24X68,W21X44,W14X159,8.813625254,1.194308713,1.784067748,3.347245893,0.637810568,0.339950306,0.672245371,0.979975943,0.499472653,0.315429245,0.378746084,11.5212,0.077021731,0.059307051,0.040782692,6.285559006,2.260367495,1.102575052,0.966141304,76.5323,80.9664,83.392,81.8937,1,1,0,1,1,1,1,1,1,0.010241199,0.00333141,0.012589026,1,1,1,0,0,1,1,1.302708302,25.10319808,24.53408977,0.359239953,2.2815,0.498749623
1.087770531,3.792331902,0.172215849,0.022797425,32.08020598,0.522436068,1.415517231,RSN882_LANDERS_FHS000,7.46206642,0.076503803,0.076503803,99.44863853,99.44863853,W24X55,W21X44,W14X120,14.88991943,1.387456755,2.145192657,4.507915101,0.507073585,0.241302355,0.642631569,1.158010478,0.712992957,0.153894838,0.209611249,13.4614,0.005725897,0.008461667,0.006345128,0.411689959,0.125426242,0.108143116,0.195885093,37.1731,38.4708,43.0199,46.1408,0,0,0,0,0,0,0,1,0,0.00140641,0.001997006,0.001624045,0,0,0,0,0,-1,-1,1.416647548,28.50094076,20.82777284,0.714906944,2.2815,0.476778668
1.101199923,2.636480222,0.164312965,0.062122408,36.97896732,0.97745978,0.813992664,RSN821_ERZINCAN_ERZ-NS,1.370830983,0.172837932,0.172837932,48.07265752,48.07265752,W30X90,W21X50,W14X257,19.94044756,0.883979282,2.200079761,3.134190377,0.500527273,0.351350681,0.650565366,1.201779695,0.765668208,0.365351331,0.560741814,21.5769,0.026233333,0.02529359,0.023578846,3.277820911,1.477497412,0.941617495,1.092619048,59.9503,60.658,62.2443,63.6625,0,0,0,1,1,0,1,1,1,0.015312603,0.012498462,0.010027308,1,1,1,0,0,-1,1,1.392938895,20.40027424,27.3878092,0.728077497,2.2815,0.48266488
1.232102395,3.631720626,0.196107402,0.038384171,34.38928318,0.629837209,0.909788949,RSN122_FRIULI.A_A-COD000,12.0536299,0.095570856,0.095570856,96.28999292,96.28999292,W24X76,W21X44,W14X193,18.5339492,1.096350182,2.050560524,4.435748197,0.600861267,0.277766532,0.727899748,1.542645251,0.708120667,0.17540139,0.198241999,16.4143,0.00403141,0.005662179,0.004570385,0.472911491,0.137675466,0.131785197,0.190530797,50.4957,52.5492,55.996,58.8996,0,0,0,0,0,0,0,0,0,5.41E-06,9.46E-06,0.000178654,0,0,0,0,0,-1,-1,1.488322205,29.42657074,17.19495138,1.077871567,2.2815,0.540040497
1.114082621,3.12443405,0.157557362,0.031372949,28.51520116,1.024364458,0.827309269,RSN825_CAPEMEND_CPM000,1.737191624,0.100677383,0.100677383,65.58496266,65.58496266,W24X84,W21X44,W14X211,25.42458322,1.040306369,2.002760783,3.660820588,0.556273435,0.304325928,0.658176189,1.294499434,0.405948258,0.33714553,0.337529642,26.1841,0.013098718,0.017929487,0.017047436,2.119627329,0.768618012,0.549868012,0.734386646,83.903,85.25,86.3975,86.7483,0,0,0,0,0,0,1,1,1,0.000788333,0.001874103,0.002615641,1,1,1,0,0,-1,-1,1.372672085,24.81986078,23.49444675,1.08215288,2.2815,0.488311471
1.044525634,3.814773403,0.174589469,0.036232976,36.70579004,1.364773381,1.865120333,RSN4854_CHUETSU_65020NS,9.78823205,0.06463763,0.06463763,99.10563312,99.10563312,W21X55,W21X44,W14X120,37.38405622,1.448374971,1.815497408,4.500134327,0.575338543,0.232109879,0.617083408,1.136837571,0.772747801,0.130765172,0.209329176,22.6726,0.006849359,0.009210897,0.006574359,0.658718944,0.172146998,0.126755176,0.193825828,62.0465,65.1507,70.6351,75.3899,0,0,0,0,0,0,0,1,0,0.001098077,0.001535949,0.001012519,0,0,0,0,0,-1,-1,1.423768406,27.39213466,20.94137938,1.785176398,2.2815,0.457824078
1.086075207,3.257501123,0.119184999,0.028458763,44.35654414,1.579208404,1.473780817,RSN122_FRIULI.A_A-COD000,10.62504921,0.117673971,0.117673971,66.53481621,66.53481621,W24X62,W18X40,W14X145,43.48448329,1.290992192,2.621406665,3.68723475,0.414310081,0.294550057,0.641630008,1.359812923,0.322593389,0.171164571,0.197212975,14.9526,0.005604487,0.007510256,0.006236667,0.377342133,0.150414337,0.136904503,0.212378882,45.6593,47.5498,48.9569,48.6558,0,0,0,0,0,0,0,1,0,1.71E-05,1.04E-05,0.000193737,0,0,0,0,0,-1,-1,1.257554997,27.53562049,16.28752242,2.669803434,2.2815,0.476035594
1.167484375,2.519719793,0.194093525,0.086849243,37.80057685,1.766250732,1.682533174,RSN68_SFERN_PEL090,4.658470519,0.156594138,0.156594138,45.36069222,45.36069222,W24X68,W21X50,W14X159,34.30857206,1.187283211,1.854786746,3.044501161,0.629443993,0.383473125,0.689724804,1.158025428,0.374841833,0.454892673,0.420080793,34.6794,0.032038462,0.028135897,0.01735641,1.285703934,0.48492236,0.442114389,0.493310041,63.0365,66.7905,71.9865,77.3597,0,0,0,1,1,0,1,1,1,0.012626179,0.009233782,0.004936667,1,1,1,0,0,-1,1,1.482280576,19.42451966,17.6110108,1.948131908,2.2815,0.511717894
0.920171225,3.506056998,0.183385256,0.022542581,21.04716738,0.394303247,0.505528338,RSN347_COALINGA.H_H-Z09000,8.544536607,0.065226387,0.065226387,86.29338626,86.29338626,W30X90,W21X50,W14X283,8.585798664,0.861924636,1.677617864,4.199185529,0.548498704,0.219130881,0.543617483,1.103414115,0.738141992,0.153771667,0.28322973,10.8412,0.016874679,0.020751154,0.029814744,4.210196687,2.073778468,1.13126294,1.534562629,69.622,64.644,56.9743,61.0174,0,0,0,0,0,1,1,1,1,0.005288782,0.008383596,0.011709295,1,1,1,0,0,-1,1,1.450155768,21.77460809,23.49846588,0.365376987,2.2815,0.40331853
0.817570371,3.686899922,0.155266812,0.019426021,33.27332347,1.775698311,0.649940716,RSN357_COALINGA.H_H-SC3000,9.96005314,0.055495303,0.055495303,89.83797336,89.83797336,W24X76,W21X44,W14X193,38.35710387,1.096350179,2.102156445,4.284560507,0.388919851,0.190817791,0.483003092,0.808915676,0.424037737,0.112727425,0.205993933,14.0364,0.002547436,0.003283013,0.002758077,0.33430383,0.101303571,0.086380435,0.121806418,52.94,53.355,53.4258,52.6454,0,0,0,0,0,0,0,0,0,0.000157468,0.000219494,0.000362237,0,0,0,0,0,-1,-1,1.365800436,21.60113777,20.0662982,1.911518681,2.2815,0.358347741
1.048569977,2.760481473,0.188901501,0.060353158,29.87719137,1.088197226,1.276547811,RSN68_SFERN_PEL090,4.183980898,0.10319795,0.10319795,53.77894447,53.77894447,W24X68,W21X44,W14X159,21.01960863,1.194308718,1.592060895,3.314991692,0.65862429,0.316311495,0.61947272,1.040074473,0.666425656,0.442743753,0.389770738,23.1494,0.090533333,0.073151282,0.04404359,5.619979296,1.500859213,0.992238613,0.645628882,60.4389,62.2405,64.0237,64.9183,1,1,0,1,1,1,1,1,1,0.080954744,0.060259615,0.033710897,1,1,1,0,0,1,1,1.466704503,19.31599174,19.82045687,1.060500713,2.2815,0.459596746
1.228559023,2.750245811,0.124685481,0.050084197,36.72384116,1.425425794,1.731001012,RSN575_SMART1.45_45M01EW,4.079184863,0.174371582,0.174371582,47.74099351,47.74099351,W24X76,W21X44,W14X176,36.99992673,1.123718593,2.312735833,3.123359924,0.531214592,0.393345324,0.725806399,1.397560552,0.387251765,0.359396916,0.384375182,28.3082,0.009598077,0.012012179,0.008466026,0.418944099,0.252820652,0.294702381,0.323454969,55.6766,57.8902,60.1542,62.1021,0,0,0,0,0,0,1,1,1,0.000105321,0.000125513,0.0001675,0,0,0,0,0,-1,-1,1.274056442,25.9571048,22.33505751,1.656585246,2.2815,0.538487409
1.264107119,3.887448376,0.190650275,0.031449719,25.62141578,1.158927923,1.489635017,RSN5818_IWATE_48A61NS,2.808340307,0.080849917,0.080849917,107.6099463,107.6099463,W21X62,W18X40,W14X132,37.86945176,1.375853993,1.788555523,4.689240579,0.706775441,0.269576085,0.746807454,0.852511859,0.722254561,0.320363247,0.482613395,33.2072,0.009101282,0.012894231,0.009915385,0.572119565,0.182758023,0.194867495,0.270898033,59.4712,58.4509,59.3323,59.7052,0,0,0,0,0,0,1,1,1,0.000152244,0.000264981,0.000155481,0,0,0,0,0,-1,-1,1.471950826,32.67627866,48.49675948,0.780865612,2.2815,0.554068428
0.875793266,2.544271737,0.100709817,0.056300072,40.83515856,1.203627716,0.538815499,RSN930_BIGBEAR_SB2270,8.1464684,0.365373283,0.365373283,44.91867441,44.91867441,W30X108,W21X50,W14X311,21.83651957,0.797335528,2.656780768,3.029631259,0.329644537,0.289075862,0.517399934,0.870864804,0.400950553,0.195572055,0.497579672,14.0305,0.002928205,0.003912179,0.00359359,0.591252588,0.182789337,0.173024845,0.247337474,40.9949,40.885,41.7698,43.1196,0,0,0,0,0,0,0,0,0,1.13E-05,7.93E-06,0.00016166,0,0,0,0,0,-1,-1,1.20212945,18.14225386,26.22501595,0.832659916,2.2815,0.383867309
0.866468824,2.854246252,0.110694628,0.022648153,31.02082502,1.312780285,0.921341972,RSN1089_NORTHR_TPF360,14.42485497,0.091517608,0.091517608,49.63332002,49.63332002,W24X76,W18X40,W14X193,25.79131768,1.111110091,2.184057018,3.184659248,0.396724452,0.272075835,0.511891253,1.139331014,0.265133378,0.263310742,0.304444204,21.3978,0.005830769,0.00755641,0.006265385,0.432851967,0.201304865,0.201978261,0.234519151,64.477,65.3253,65.375,66.2057,0,0,0,0,0,0,0,1,0,2.24E-06,3.92E-06,0.000199288,0,0,0,0,0,-1,-1,1.232083884,19.64633227,19.70278841,1.30901866,2.2815,0.379780331
0.939990471,3.730786331,0.179546808,0.04109039,16.66241158,1.529479703,0.564907296,RSN579_SMART1.45_45O04EW,3.05148732,0.05132486,0.05132486,94.97574602,94.97574602,W24X84,W21X44,W14X211,36.49158001,1.04030637,0.823975004,4.405372781,1.140799742,0.21337365,0.55532627,1.017123889,1.336474089,0.158776715,0.240209587,14.7573,0.003371795,0.005105128,0.00472641,0.354868012,0.139321429,0.124191511,0.218574275,32.9472,33.9109,35.5563,37.5464,0,0,0,0,0,0,0,0,0,1.57E-05,1.52E-05,0.000197276,0,0,0,0,0,-1,-1,1.438640424,23.8588194,22.7465854,1.604266283,2.2815,0.412005466
0.932134184,3.958234729,0.198688363,0.032702945,31.28446193,1.168627904,0.756872712,RSN577_SMART1.45_45O01EW,3.488274406,0.056991463,0.056991463,112.6240629,112.6240629,W24X68,W21X44,W14X176,28.20870342,1.163696774,1.650578791,4.797245041,0.56473171,0.194306144,0.550684943,0.934793705,0.440924396,0.168356032,0.327370078,18.9933,0.003396154,0.004892308,0.004217756,0.378185818,0.121265528,0.101698758,0.169268375,35.1564,35.5557,35.8979,35.9412,0,0,0,0,0,0,0,0,0,0.000404096,0.000593545,0.000671083,0,0,0,0,0,-1,-1,1.496065088,24.13831068,33.55590568,0.840647953,2.2815,0.408561992
1.025402959,2.811025899,0.1992009,0.040758569,17.49366707,0.483612163,1.816831529,RSN579_SMART1.45_45O04EW,3.328761537,0.097656332,0.097656332,57.72910133,57.72910133,W24X62,W21X44,W14X132,9.11039893,1.307993879,1.443158819,3.434580547,0.710526759,0.298552602,0.605786141,1.109545126,0.830709851,0.301263391,0.363499719,10.2788,0.021100577,0.017490641,0.015297436,2.12945911,0.829428054,0.461449275,0.549350414,39.1209,46.4918,59.8941,74.1353,0,0,0,0,0,0,1,1,1,0.008542763,0.001995891,0.000913513,1,1,1,0,0,-1,-1,1.4976027,18.83823367,18.77217268,0.485314038,2.2815,0.449442454
1.172272717,3.316124065,0.123550356,0.039857933,33.54369436,0.750377143,1.058929489,RSN523_PALMSPR_IND000,19.36328986,0.070216675,0.070216675,67.08738872,67.08738872,W24X76,W18X40,W14X193,22.46932879,1.111110093,1.72148605,3.702514357,0.680965563,0.316615306,0.692553654,1.4504932,0.916862251,0.190876871,0.25804803,17.5124,0.004425,0.006511538,0.006012179,0.533400621,0.142794772,0.137681418,0.226703675,44.606,44.5924,44.9323,48.4011,0,0,0,0,0,0,0,0,0,0.000100209,0.000144394,7.89E-05,0,0,0,0,0,-1,-1,1.270651069,29.94404748,21.85813798,1.027961705,2.2815,0.513816663
0.995451505,3.067013904,0.167503532,0.033816937,29.30409728,1.081721806,0.651565488,RSN294_ITALY_A-TRC000,17.65746796,0.09313902,0.09313902,64.46901401,64.46901401,W30X90,W18X50,W14X283,23.04743861,0.86894907,1.952912775,3.629541959,0.509726557,0.274263672,0.588091462,1.286012638,0.489216353,0.296632896,0.268548985,21.5402,0.003049359,0.003846795,0.003398077,0.421061077,0.165103778,0.171372671,0.190410973,43.2154,43.7806,44.3949,44.7998,0,0,0,0,0,0,0,0,0,1.01E-05,8.33E-06,0.000163513,0,0,0,0,0,-1,-1,1.402510596,21.30625312,17.62894144,1.307363729,2.2815,0.436314488
1.283130232,3.251461396,0.192350902,0.045472175,28.27432256,1.395016061,0.962079159,RSN1545_CHICHI_TCU120-E,2.593241362,0.110008132,0.110008132,76.34067091,76.34067091,W24X84,W21X44,W14X193,38.5664741,1.063256842,1.841030126,3.949610725,0.696963191,0.324875113,0.758045903,1.234409339,0.951755031,0.371697858,0.451373718,40.3611,0.047942308,0.043037179,0.034387179,3.203726708,1.479386646,0.782041925,0.871195652,85.4711,86.8665,88.0967,88.4558,0,0,0,1,1,1,1,1,1,0.035605641,0.027597756,0.019212885,0,1,1,0,0,-1,1,1.477052706,27.64589969,31.62094611,1.219649594,2.2815,0.562406413
1.137212097,2.780037415,0.146778545,0.06399267,32.82659366,1.276126659,0.656147027,RSN779_LOMAP_LGP000,0.922931729,0.084316363,0.084316363,49.23989049,49.23989049,W30X99,W21X55,W14X283,29.46115098,0.835337047,1.27155339,3.172012182,0.894348681,0.358514417,0.671840589,0.9662403,0.808636618,0.423442364,0.429483419,24.9367,0.00440641,0.005473718,0.004704615,0.453488613,0.236637164,0.253324017,0.358475673,60.6356,61.4422,62.0912,62.287,0,0,0,0,0,0,0,0,0,9.61E-06,8.28E-06,0.000151724,0,0,0,0,0,-1,-1,1.340335635,23.08638471,24.23882149,1.215453111,2.2815,0.498449308
0.953311725,3.710938304,0.166722072,0.023274106,39.44101852,0.451280946,1.534728235,RSN187_IMPVALL.H_H-PTS225,6.056389824,0.073971398,0.073971398,94.65844445,94.65844445,W21X55,W21X44,W14X120,11.15998093,1.448374969,2.350232538,4.398007736,0.405624426,0.216759902,0.563196181,0.666238613,0.563831205,0.365793515,0.350262751,45.7788,0.200008462,0.109586538,0.033294872,0.44511646,0.188458333,0.014287396,0.020766977,1.41966,6.09823,9.64678,9.67226,1,1,1,1,1,1,1,1,1,0.95070109,0.009141026,0.029044872,1,1,1,1,-3,1,1,1.400166216,24.72956375,33.71779835,0.330981899,2.2815,0.41784428
0.908208528,3.746264942,0.183791469,0.019106357,18.88284882,1.191885931,1.27015206,RSN82_SFERN_PHN180,11.69941829,0.057600598,0.057600598,98.19081387,98.19081387,W21X55,W21X44,W14X120,27.34743996,1.448374969,1.605811065,4.479316368,0.565576205,0.202756058,0.536550177,0.678017207,0.476666883,0.238221058,0.440604167,28.7679,0.035841667,0.034222436,0.026079487,3.241071429,0.893850932,0.431350932,0.535274327,51.9055,49.9158,55.6876,62.2496,0,0,0,1,1,1,1,1,1,0.009969635,0.003667821,0.002532885,1,1,1,0,0,-1,1,1.451374407,22.94467888,41.70071455,0.65580267,2.2815,0.398075182
1.198952114,3.531799471,0.130051529,0.014127196,29.25811623,1.618068797,1.402055972,RSN579_SMART1.45_45O04EW,3.892153468,0.086666283,0.086666283,78.99691382,78.99691382,W24X62,W18X40,W14X145,51.9793074,1.29099219,2.236971474,4.017735754,0.535971123,0.298414875,0.708315271,1.297335319,0.411534765,0.261384848,0.33569313,25.5179,0.006416667,0.008399359,0.006538462,0.238005176,0.168182453,0.157255176,0.199552277,51.9769,52.35,51.9856,52.5288,0,0,0,0,0,0,0,1,0,1.15E-05,1.73E-05,0.000214942,0,0,0,0,0,-1,-1,1.290154586,32.12428761,31.76655785,1.636290203,2.2815,0.52551046
0.954207603,2.898741256,0.181752584,0.051842635,25.17214354,0.44900981,0.96919365,RSN3760_LANDERS_BLC360,10.58874441,0.076876956,0.076876956,57.89593013,57.89593013,W24X76,W21X44,W14X193,8.410856583,1.096350183,1.294214406,3.439539688,0.737287113,0.277423054,0.563725447,0.839134805,0.508665795,0.247925161,0.416105258,9.68237,0.047975705,0.045571795,0.037030769,2.19564441,1.096343168,0.810318323,0.876283644,55.4798,56.892,55.7539,54.8921,0,0,0,1,1,1,1,1,1,0.035018609,0.029702692,0.023683462,1,1,1,0,0,-1,1,1.445257752,18.73201072,23.67849966,0.355210706,2.2815,0.418236951
0.830934991,3.551338283,0.133170912,0.017093771,42.74845413,1.215593665,1.828384588,RSN1615_DUZCE_1062-N,10.79198051,0.072269874,0.072269874,81.22206286,81.22206286,W21X55,W21X44,W14X120,27.01745018,1.448374969,2.582458663,4.073927678,0.321761197,0.2039641,0.490898624,1.03460602,0.232789741,0.235923037,0.224145044,26.6047,0.008163462,0.010301923,0.006809615,0.35952381,0.153899068,0.14897852,0.170467909,43.8276,45.9306,48.8908,50.6269,0,0,0,0,0,0,1,1,0,1.13E-05,1.17E-05,0.000183013,0,0,0,0,0,-1,-1,1.299512737,22.22572472,21.29168674,1.268920143,2.2815,0.364205562
1.013337582,3.790004223,0.162579323,0.034306395,28.75777186,1.3661233,1.645302222,RSN3964_TOTTORI_TTR007NS,3.937409021,0.05675659,0.05675659,94.90064715,94.90064715,W21X55,W21X44,W14X120,37.00442436,1.448374971,1.524599718,4.403630736,0.66465812,0.230114113,0.598658174,0.872703085,0.54371158,0.198874108,0.22362157,28.4474,0.008392949,0.010333974,0.007001923,0.828651656,0.221802795,0.195132764,0.194438923,84.5024,86.554,85.5572,80.447,0,0,0,0,0,0,1,1,1,0.000615705,0.000845705,0.000716346,0,0,0,0,0,-1,-1,1.387737968,27.08717754,22.65494392,1.633392892,2.2815,0.444154101
0.993893051,3.324432943,0.112015026,0.021136008,31.6845784,1.515998593,1.777484569,RSN357_COALINGA.H_H-SC3000,12.10810465,0.067199209,0.067199209,66.53761465,66.53761465,W24X55,W21X44,W14X132,39.66423671,1.35474425,2.106663879,3.687312291,0.471785301,0.26954404,0.587170761,0.983371827,0.514356312,0.250321759,0.274639526,19.25,0.007323077,0.009291026,0.006283333,0.337181677,0.134238354,0.156432712,0.167467391,71.7887,72.3508,71.6067,70.1448,0,0,0,0,0,0,1,1,0,0.000213295,0.00027634,0.000135897,0,0,0,0,0,-1,-1,1.236045078,26.16376881,24.03484174,1.650280752,2.2815,0.435631405
1.284728291,3.785059216,0.115290943,0.013694209,42.3066435,1.267110362,0.937696762,RSN1541_CHICHI_TCU116-E,2.983997234,0.097209955,0.097209955,88.84395134,88.84395134,W24X84,W21X44,W14X211,48.40632083,1.040306366,2.725269181,4.260791082,0.471413356,0.301523418,0.758990002,1.777529554,0.593545413,0.398636485,0.390105976,50.194,0.037944231,0.037502564,0.035082051,3.29371118,1.618944099,0.856635611,0.933586957,95.8393,98.0358,101.107,103.603,0,0,0,1,1,1,1,1,1,0.026796679,0.023540756,0.019520897,0,1,1,0,0,-1,1,1.24587283,38.20213479,43.90678385,1.102479312,2.2815,0.563106856
0.988558613,3.618774586,0.167411804,0.025404478,39.29996435,0.307464042,0.748368549,RSN3966_TOTTORI_TTR009NS,4.508399925,0.080754911,0.080754911,90.38991801,90.38991801,W24X76,W21X44,W14X193,7.677410071,1.09635018,2.346110301,4.29770205,0.421360672,0.230020276,0.584019289,0.738646325,0.513335989,0.201541721,0.264013376,10.2811,0.120599103,0.119684615,0.081273718,5.971247412,1.557008282,0.97573499,0.863881988,66.9564,68.3256,93.2313,105.938,1,1,1,1,1,1,1,1,1,0.111794058,0.106439103,0.066491667,1,1,1,0,0,1,1,1.402235413,24.97010716,24.13267387,0.31813342,2.2815,0.433293278
0.803508188,3.565634108,0.188242982,0.023529532,35.31186484,1.243169432,0.845116752,RSN187_IMPVALL.H_H-PTS225,5.104687886,0.065874944,0.065874944,91.81084859,91.81084859,W21X68,W21X44,W14X159,23.80003093,1.260409577,2.153672613,4.331350292,0.373087433,0.18550986,0.474695455,0.561545785,0.446807739,0.313126917,0.280645903,24.9687,0.026958974,0.028075,0.024696795,2.355284679,1.014474638,0.524285714,0.67055383,51.116,51.6817,52.6036,54.5693,0,0,0,1,1,0,1,1,1,0.010405288,0.008654103,0.00770859,1,1,1,0,0,-1,1,1.464728947,19.14463976,23.84253202,0.998217425,2.2815,0.352184172
0.931369689,3.494174478,0.167738145,0.018089149,23.81986329,0.709629606,1.582668865,RSN827_CAPEMEND_FOR000,4.22753635,0.068108346,0.068108346,83.36952153,83.36952153,W21X55,W21X44,W14X120,16.10837573,1.448374969,1.890663022,4.127432332,0.492615383,0.225653533,0.550233296,0.760362997,0.582857386,0.21827427,0.283961798,17.5177,0.043258974,0.040407051,0.029912179,2.966433747,1.010600414,0.459697205,0.58435559,57.1823,53.6822,47.8642,46.1576,0,0,0,1,1,1,1,1,1,0.021870962,0.017271731,0.011028974,1,1,1,0,0,-1,1,1.403214434,22.69969514,24.18256865,0.666115166,2.2815,0.408226907
1.057043458,3.118072353,0.120148145,0.034398064,43.02922932,1.168113581,0.925633137,RSN1107_KOBE_KAK000,5.09759263,0.111857666,0.111857666,60.24092105,60.24092105,W24X84,W21X44,W14X211,29.89632324,1.040306369,2.467532288,3.508505074,0.428380801,0.301280299,0.624478672,1.202108687,0.433185028,0.190524598,0.193000246,14.4779,0.003453846,0.004425641,0.003881987,0.536780538,0.163143892,0.140845497,0.18472412,44.2715,44.218,43.4134,44.0601,0,0,0,0,0,0,0,0,0,2.07E-06,8.96E-06,0.000179058,0,0,0,0,0,-1,-1,1.260444435,25.59367832,14.5708174,2.051794516,2.2815,0.463310742
0.817267607,3.040472265,0.182237915,0.044374946,40.01858851,1.344249909,1.11785791,RSN575_SMART1.45_45M01EW,2.713573861,0.071430859,0.071430859,64.02974162,64.02974162,W24X62,W21X44,W14X145,22.59852642,1.275236511,1.759929813,3.617155522,0.464375114,0.22594207,0.482824226,0.929691571,0.494469275,0.28361814,0.241024208,14.8166,0.005866667,0.007922436,0.005704487,0.330232919,0.140222826,0.13514881,0.205046843,28.9396,30.4407,33.1518,35.1279,0,0,0,0,0,0,0,1,0,6.87E-06,5.83E-06,0.000186515,0,0,0,0,0,-1,-1,1.446713744,16.81125383,15.07431308,1.499141374,2.2815,0.358215037
1.155491435,2.767036369,0.190283047,0.056922156,31.09104965,1.551489939,0.776018766,RSN357_COALINGA.H_H-SC3000,14.07677738,0.139952992,0.139952992,55.96388938,55.96388938,W30X90,W21X50,W14X257,33.0095658,0.883979281,1.941433905,3.381662426,0.595174233,0.341693312,0.682639631,1.143259551,0.643033438,0.32110844,0.400874748,20.6906,0.004033974,0.005233974,0.004232692,0.825582298,0.259464286,0.221126553,0.257677795,73.0978,73.8095,74.0985,73.2109,0,0,0,0,0,0,0,0,0,4.67E-05,5.51E-05,0.000215321,0,0,0,0,0,-1,-1,1.470849141,21.27604244,20.42432368,1.616188928,2.2815,0.506461291
0.941546222,2.849102287,0.189418679,0.050875687,39.51129521,0.694673417,0.978823311,RSN812_LOMAP_WDS000,5.541355658,0.120891688,0.120891688,59.26694281,59.26694281,W24X76,W21X44,W14X193,12.42241267,1.096350183,2.16240667,3.480026652,0.435415889,0.270557187,0.556245374,1.162268872,0.430264431,0.395132665,0.447229859,13.9235,0.021485256,0.021966026,0.020625,2.934187371,1.326074017,0.736381988,0.854202899,42.9968,38.5439,39.1303,43.6146,0,0,0,0,0,0,1,1,1,0.001308333,0.001966346,0.002158718,1,1,1,0,0,-1,-1,1.468256037,17.88237806,24.20039531,0.513314453,2.2815,0.412687364
0.886352133,2.587460676,0.101201565,0.035074013,27.99267265,0.711431641,1.254305417,RSN1541_CHICHI_TCU116-E,2.058701697,0.075649436,0.075649436,39.18974172,39.18974172,W24X68,W18X40,W14X159,13.26803892,1.209230838,1.751568675,2.829844085,0.506033332,0.31321589,0.523637887,1.226342662,0.406888012,0.356077718,0.471635788,14.2931,0.024136538,0.023876282,0.022344231,2.058310041,0.931767598,0.517978778,0.623527433,51.8451,48.7911,45.1921,52.251,0,0,0,0,0,0,1,1,1,0.001687436,0.006532308,0.007948718,1,1,1,0,0,-1,-1,1.203604695,18.64977344,25.67720666,0.516724389,2.2815,0.388495347
1.00411972,3.75898886,0.183288586,0.02232644,19.34130283,0.58602661,0.579919158,RSN4854_CHUETSU_65020NS,9.409588912,0.063073008,0.063073008,98.64064442,98.64064442,W27X84,W18X50,W14X233,14.93218833,0.96921223,1.597875408,4.489564939,0.628409271,0.223656353,0.593212458,1.092860708,0.782551744,0.126604753,0.206470229,16.4206,0.017900641,0.019883333,0.021617949,3.180926501,1.264541925,0.840603002,1.047704451,64.9001,66.1062,67.9173,69.7983,0,0,0,0,0,0,1,1,1,0.006940173,0.006321981,0.006221346,1,0,1,0,0,-1,-1,1.449865759,25.48039301,19.69468797,0.758183544,2.2815,0.440113837
1.081417955,2.96298488,0.150293472,0.034475485,32.78210033,1.72920261,1.000707612,RSN20_NCALIF.FH_H-FRN044,2.975588151,0.122186685,0.122186685,59.0077806,59.0077806,W24X76,W21X44,W14X193,40.14480648,1.096350181,2.192856839,3.472409594,0.493154836,0.311431565,0.638878603,0.788378807,0.644072506,0.283459542,0.365753853,28.2899,0.007376923,0.009720513,0.007621795,0.289562629,0.21333618,0.249296843,0.302939959,59.4844,61.144,63.3474,64.7055,0,0,0,0,0,0,1,1,1,3.14E-06,2.67E-06,0.000184134,0,0,0,0,0,-1,-1,1.350880416,23.21579106,23.26527851,1.725524432,2.2815,0.473994282
1.275160808,3.660087018,0.135948363,0.043861131,30.95242154,0.946081024,0.559376105,RSN138_TABAS_BOS-L1,8.940839623,0.065391241,0.065391241,83.57153816,83.57153816,W30X99,W18X55,W14X311,33.04500132,0.82287332,1.443068529,4.132429994,0.883645359,0.308574086,0.753337737,1.494050959,1.139154182,0.353946208,0.264834467,34.7762,0.02078141,0.023205128,0.025362821,2.885843685,1.596759834,1.122194617,1.291565735,63.873,63.9906,66.2269,68.7455,0,0,0,0,0,1,1,1,1,0.010483846,0.010800897,0.010606859,0,1,1,0,0,-1,1,1.30784509,34.92829945,26.55084832,1.244593051,2.2815,0.55891335
0.929961597,3.080609663,0.1875155,0.046990232,23.6481615,1.144805318,1.573321889,RSN122_FRIULI.A_A-COD000,9.097793293,0.069767031,0.069767031,66.2148522,66.2148522,W24X55,W18X40,W14X120,21.94830689,1.403040285,1.256019052,3.678358163,0.740404053,0.252819752,0.549401425,1.164351962,1.179024375,0.147051624,0.184335334,13.5249,0.006262179,0.011299423,0.010724808,0.527546584,0.161021998,0.16498706,0.315533126,39.0106,40.0893,41.2708,42.6773,0,0,0,0,0,0,0,1,1,1.86E-05,0.000118542,0.000339525,0,0,0,0,0,-1,-1,1.462546501,19.17208677,11.70710827,1.874784651,2.2815,0.407609729
1.076727806,3.524208888,0.174433103,0.019316094,16.72490973,1.24751222,0.768475386,RSN1549_CHICHI_TCU129-E,2.12527984,0.07203263,0.07203263,85.29703961,85.29703961,W24X84,W21X44,W14X211,32.55318765,1.040306367,1.58149198,4.174873171,0.680830393,0.257906711,0.636107763,1.236710753,0.839533493,0.225825694,0.212667964,24.8043,0.003932692,0.005073077,0.004376282,0.303310041,0.167695135,0.158345497,0.193315994,78.409,78.4338,77.5457,76.1139,0,0,0,0,0,0,0,0,0,0.000128641,0.000187699,0.000268712,0,0,0,0,0,-1,-1,1.42329931,26.094484,18.16379116,1.792202264,2.2815,0.471938552
1.070524844,3.567270443,0.157179653,0.030202673,15.98925708,1.003422154,1.883112044,RSN787_LOMAP_SLC270,3.181990558,0.060801606,0.060801606,83.14413683,83.14413683,W24X55,W18X40,W14X120,27.34548966,1.403040283,1.282289446,4.121849418,0.834854289,0.259719542,0.632443186,1.766755391,1.020233431,0.171221659,0.288869531,16.7006,0.006496795,0.00879359,0.006758333,0.322393892,0.106238354,0.137496377,0.190753106,50.5793,51.9662,53.1125,53.161,0,0,0,0,0,0,0,1,0,2.26E-05,8.28E-06,0.000194291,0,0,0,0,0,-1,-1,1.371538959,27.25222833,26.23270288,1.042419829,2.2815,0.469219743
1.25551814,2.975436889,0.163538947,0.040815364,30.5932482,0.748068626,1.916433487,RSN882_LANDERS_FHS000,8.612808938,0.136330913,0.136330913,61.1864964,61.1864964,W24X68,W21X44,W14X159,19.66912642,1.194308716,2.092805988,3.535933594,0.599920942,0.355074016,0.741733269,1.336589952,0.905733106,0.282598512,0.321857831,15.6854,0.006454487,0.008566026,0.006750577,0.592419772,0.183617495,0.177854296,0.259057971,53.478,54.5735,56.142,57.8107,0,0,0,0,0,0,0,1,0,0.001154295,0.001398429,0.001098974,0,0,0,0,0,-1,-1,1.390616842,26.29321127,20.05559091,0.980730336,2.2815,0.550303809
0.915605476,3.335392823,0.180610056,0.038660897,27.37153397,1.453418214,1.737227161,RSN5842_SIERRA.MEX_02659360,14.46213662,0.064300011,0.064300011,76.64029512,76.64029512,W21X55,W21X44,W14X120,30.13070152,1.448374971,1.493385255,3.957353911,0.61310735,0.231368105,0.540920136,0.853454358,0.723521102,0.27793972,0.287709227,31.2311,0.111630769,0.096666667,0.033330128,24.89632505,24.65323499,6.317753623,1.172753623,50.0127,50.2221,54.1832,58.0886,1,1,0,1,1,1,1,1,1,0.103325321,0.086669872,0.024522436,1,1,1,0,0,1,1,1.441830167,20.7309233,21.72756428,1.386750081,2.2815,0.401317325
0.887344238,3.761854286,0.11246711,0.01689191,40.60153555,0.787949182,1.74594136,RSN3979_SANSIMEO_37737090,7.714658263,0.052969843,0.052969843,85.26322466,85.26322466,W21X55,W21X44,W14X120,20.80458776,1.448374968,2.377135939,4.174045551,0.373282917,0.212586141,0.524224001,1.18504017,0.27916156,0.23505857,0.263298556,22.4663,0.062833974,0.051697436,0.037282051,3.750983437,1.183281573,0.609319358,0.583843168,68.3497,71.1043,74.0078,75.5885,1,1,0,1,1,1,1,1,1,0.052787891,0.036045064,0.022142949,0,1,1,0,0,1,1,1.237401329,26.40346386,29.47265218,0.705894659,2.2815,0.388930194
