,PFA-1-1,PFA-2-1,PFA-3-1,PFA-4-1,PFV-1-1,PFV-2-1,PFV-3-1,PFV-4-1,PID-1-1,PID-2-1,PID-3-1,PFA-1-2,PFA-2-2,PFA-3-2,PFA-4-2,PFV-1-2,PFV-2-2,PFV-3-2,PFV-4-2,PID-1-2,PID-2-2,PID-3-2
Units,g,g,g,g,inps,inps,inps,inps,rad,rad,rad,g,g,g,g,inps,inps,inps,inps,rad,rad,rad
0,0.5083074534161491,0.0898379917184265,0.0497321428571428,0.0712075569358178,10.515,21.1498,33.1126,39.1124,0.2000121794871794,0.1271102564102564,0.0468576923076922,0.5083074534161491,0.0898379917184265,0.0497321428571428,0.0712075569358178,10.515,21.1498,33.1126,39.1124,0.2000121794871794,0.1271102564102564,0.0468576923076922
1,0.5134575569358178,0.1415543478260869,0.2041066252587992,0.6670160455486543,51.0451,104.007,111.099,125.453,0.1997820512820512,0.0204160256410256,0.0024583333333333,0.5134575569358178,0.1415543478260869,0.2041066252587992,0.6670160455486543,51.0451,104.007,111.099,125.453,0.1997820512820512,0.0204160256410256,0.0024583333333333
2,0.4968038302277433,0.7009187370600414,0.3692934782608695,0.0589826604554865,43.2206,6.8078,62.5785,60.0225,0.1999782051282051,0.0973942307692307,0.0012852564102563,0.4968038302277433,0.7009187370600414,0.3692934782608695,0.0589826604554865,43.2206,6.8078,62.5785,60.0225,0.1999782051282051,0.0973942307692307,0.0012852564102563
3,0.4848369565217391,0.1254899068322981,0.4019099378881988,0.2195414078674948,43.258,25.1727,8.736939999999999,0.779015,0.1621908333333333,0.199976282051282,0.1483076923076923,0.4848369565217391,0.1254899068322981,0.4019099378881988,0.2195414078674948,43.258,25.1727,8.736939999999999,0.779015,0.1621908333333333,0.199976282051282,0.1483076923076923
4,1.956586438923396,0.0703517080745341,0.4509601449275362,0.0545817805383022,55.0535,27.1908,47.659,58.846,0.1999923076923077,0.0543711538461538,0.0198032051282051,1.956586438923396,0.0703517080745341,0.4509601449275362,0.0545817805383022,55.0535,27.1908,47.659,58.846,0.1999923076923077,0.0543711538461538,0.0198032051282051
5,2.0683048654244307,0.3981780538302277,0.4920393374741201,0.3494202898550724,42.015,31.7753,53.7703,68.9438,0.199950641025641,0.0631423076923076,0.0235987179487179,2.0683048654244307,0.3981780538302277,0.4920393374741201,0.3494202898550724,42.015,31.7753,53.7703,68.9438,0.199950641025641,0.0631423076923076,0.0235987179487179
6,0.0344614389233954,0.2816847826086956,0.0137616718426501,0.0629668737060041,46.844,0.673953,65.9943,57.4744,0.2000166666666666,0.1337833333333334,0.0246474358974358,0.0344614389233954,0.2816847826086956,0.0137616718426501,0.0629668737060041,46.844,0.673953,65.9943,57.4744,0.2000166666666666,0.1337833333333334,0.0246474358974358
7,0.4220807453416149,2.6122670807453416,2.023366977225673,0.5379218426501035,252.863,24.2005,12.5221,7.92762,0.200033782051282,0.0298865384615384,0.0116615384615384,0.4220807453416149,2.6122670807453416,2.023366977225673,0.5379218426501035,252.863,24.2005,12.5221,7.92762,0.200033782051282,0.0298865384615384,0.0116615384615384
8,0.3649068322981366,0.3091666666666667,0.0427026397515527,0.3015683229813665,41.413,5.18624,42.4411,45.2901,0.1999653846153846,0.1334057692307692,0.0311641025641025,0.3649068322981366,0.3091666666666667,0.0427026397515527,0.3015683229813665,41.413,5.18624,42.4411,45.2901,0.1999653846153846,0.1334057692307692,0.0311641025641025
9,1.0978002070393376,0.0593247929606625,0.3869409937888199,0.0906454451345755,71.2209,20.0466,16.5909,28.575,0.1999419871794871,0.0298089743589743,0.0099608974358974,1.0978002070393376,0.0593247929606625,0.3869409937888199,0.0906454451345755,71.2209,20.0466,16.5909,28.575,0.1999419871794871,0.0298089743589743,0.0099608974358974
10,0.8091563146997931,0.3036801242236025,0.1050947204968944,0.464350414078675,93.1922,38.2187,48.5394,67.1966,0.1999733333333333,0.0334846153846154,0.018651282051282,0.8091563146997931,0.3036801242236025,0.1050947204968944,0.464350414078675,93.1922,38.2187,48.5394,67.1966,0.1999733333333333,0.0334846153846154,0.018651282051282
11,0.7170496894409938,0.2751837474120083,0.4005150103519668,0.8032168737060041,54.0856,19.6274,19.1833,30.2737,0.2000692948717948,0.0292051282051281,0.0222538461538461,0.7170496894409938,0.2751837474120083,0.4005150103519668,0.8032168737060041,54.0856,19.6274,19.1833,30.2737,0.2000692948717948,0.0292051282051281,0.0222538461538461
12,293.52743271221533,276.5191511387164,7.46462215320911,1.6353493788819875,109.449,124.331,127.891,132.936,0.1818211538461538,0.0156282051282051,0.0015647435897435,293.52743271221533,276.5191511387164,7.46462215320911,1.6353493788819875,109.449,124.331,127.891,132.936,0.1818211538461538,0.0156282051282051,0.0015647435897435
13,5.0699016563147,1.0526190476190476,0.8363250517598344,0.6755460662525881,120.807,125.837,126.836,122.054,0.1418750641025641,0.0948846153846153,0.0394564102564102,5.0699016563147,1.0526190476190476,0.8363250517598344,0.6755460662525881,120.807,125.837,126.836,122.054,0.1418750641025641,0.0948846153846153,0.0394564102564102
14,4.517054865424432,1.3426371635610763,0.7725051759834368,0.948403209109731,145.481,148.012,149.006,143.127,0.0505801282051282,0.0524230769230769,0.0417987179487179,4.517054865424432,1.3426371635610763,0.7725051759834368,0.948403209109731,145.481,148.012,149.006,143.127,0.0505801282051282,0.0524230769230769,0.0417987179487179
15,3.0785455486542443,1.081079192546584,0.8584989648033127,0.7256107660455486,83.3757,84.51,90.4736,96.7775,0.0252538461538461,0.032075641025641,0.0290217948717948,3.0785455486542443,1.081079192546584,0.8584989648033127,0.7256107660455486,83.3757,84.51,90.4736,96.7775,0.0252538461538461,0.032075641025641,0.0290217948717948
16,1.937458592132505,0.7719202898550724,0.378889751552795,0.3067287784679089,269.296,125.687,117.829,100.249,0.2000478205128205,0.0368647435897436,0.0129487179487179,1.937458592132505,0.7719202898550724,0.378889751552795,0.3067287784679089,269.296,125.687,117.829,100.249,0.2000478205128205,0.0368647435897436,0.0129487179487179
17,1.7439699792960663,0.9048680124223604,0.3468400621118013,0.2372192028985507,79.2395,30.3671,23.8781,29.6703,0.1999391025641025,0.1536038461538461,0.0631679487179487,1.7439699792960663,0.9048680124223604,0.3468400621118013,0.2372192028985507,79.2395,30.3671,23.8781,29.6703,0.1999391025641025,0.1536038461538461,0.0631679487179487
18,5.731288819875777,0.7567210144927536,0.5017520703933748,0.4148757763975155,130.901,11.2276,13.9562,37.1176,0.1998848076923076,0.0303608974358974,0.0114096153846153,5.731288819875777,0.7567210144927536,0.5017520703933748,0.4148757763975155,130.901,11.2276,13.9562,37.1176,0.1998848076923076,0.0303608974358974,0.0114096153846153
19,1.985799689440994,0.3207893374741201,1.0813612836438924,0.1995851449275362,126.984,38.5452,52.764,63.5021,0.2000108974358974,0.0345474358974359,0.0083128205128204,1.985799689440994,0.3207893374741201,1.0813612836438924,0.1995851449275362,126.984,38.5452,52.764,63.5021,0.2000108974358974,0.0345474358974359,0.0083128205128204
20,1.1455434782608698,0.1164208074534161,0.1259645445134575,0.0897735507246376,60.8105,6.71156,32.1318,48.1515,0.200049358974359,0.0798391025641025,0.034877564102564,1.1455434782608698,0.1164208074534161,0.1259645445134575,0.0897735507246376,60.8105,6.71156,32.1318,48.1515,0.200049358974359,0.0798391025641025,0.034877564102564
21,1.2429632505175985,0.3244021739130435,0.7397567287784679,0.0558993271221532,122.167,39.2922,57.7523,68.825,0.2002285256410256,0.0397743589743589,0.0140461538461538,1.2429632505175985,0.3244021739130435,0.7397567287784679,0.0558993271221532,122.167,39.2922,57.7523,68.825,0.2002285256410256,0.0397743589743589,0.0140461538461538
22,7.289751552795032,1.2705124223602484,0.2690139751552795,0.5236490683229814,5.63499,119.753,140.254,155.129,0.2000910256410256,0.0348711538461538,0.0143993589743589,7.289751552795032,1.2705124223602484,0.2690139751552795,0.5236490683229814,5.63499,119.753,140.254,155.129,0.2000910256410256,0.0348711538461538,0.0143993589743589
23,4.10157867494824,0.2124976708074534,0.6760455486542443,0.0761045548654244,121.163,50.6148,64.4132,79.7507,0.2002487179487179,0.040750641025641,0.0145237179487179,4.10157867494824,0.2124976708074534,0.6760455486542443,0.0761045548654244,121.163,50.6148,64.4132,79.7507,0.2002487179487179,0.040750641025641,0.0145237179487179
24,0.0792238612836439,0.3357246376811594,0.1715597826086956,0.5405227743271221,31.2549,3.16312,26.8531,22.3507,0.2000291666666666,0.1722769230769231,0.018102564102564,0.0792238612836439,0.3357246376811594,0.1715597826086956,0.5405227743271221,31.2549,3.16312,26.8531,22.3507,0.2000291666666666,0.1722769230769231,0.018102564102564
25,2.9474378881987584,1.710163043478261,0.2808281573498965,0.3864518633540372,27.9414,23.018,50.8021,62.0812,0.1999307692307692,0.0786955128205128,0.0250980769230769,2.9474378881987584,1.710163043478261,0.2808281573498965,0.3864518633540372,27.9414,23.018,50.8021,62.0812,0.1999307692307692,0.0786955128205128,0.0250980769230769
26,4.699922360248447,1.7906521739130437,1.3795522774327122,1.3472463768115943,118.667,117.8,112.068,100.581,0.0864089743589743,0.0527237179487179,0.0447737179487179,4.699922360248447,1.7906521739130437,1.3795522774327122,1.3472463768115943,118.667,117.8,112.068,100.581,0.0864089743589743,0.0527237179487179,0.0447737179487179
27,3.053545548654245,0.6075,0.0762921842650103,0.5474301242236026,50.3649,10.1255,18.0002,35.8714,0.1999870512820512,0.0408076923076923,0.0155576923076923,3.053545548654245,0.6075,0.0762921842650103,0.5474301242236026,50.3649,10.1255,18.0002,35.8714,0.1999870512820512,0.0408076923076923,0.0155576923076923
28,0.208888198757764,0.7808540372670807,0.2338685300207039,0.0188839026915113,37.3044,3.55799,39.9664,44.8103,0.2000103846153846,0.082500641025641,0.0350128205128205,0.208888198757764,0.7808540372670807,0.2338685300207039,0.0188839026915113,37.3044,3.55799,39.9664,44.8103,0.2000103846153846,0.082500641025641,0.0350128205128205
29,0.2180473602484472,0.0696713250517598,0.0599528985507246,0.0242965320910973,34.8648,8.192789999999999,27.809,26.4426,0.1999839743589743,0.1440987179487179,0.0496814102564102,0.2180473602484472,0.0696713250517598,0.0599528985507246,0.0242965320910973,34.8648,8.192789999999999,27.809,26.4426,0.1999839743589743,0.1440987179487179,0.0496814102564102
30,5.375077639751552,1.4394824016563148,1.0208902691511388,1.2606211180124225,88.0276,93.1218,95.8469,111.215,0.1511783974358974,0.1493737179487179,0.1118628205128205,5.375077639751552,1.4394824016563148,1.0208902691511388,1.2606211180124225,88.0276,93.1218,95.8469,111.215,0.1511783974358974,0.1493737179487179,0.1118628205128205
31,0.7443737060041408,0.1890126811594203,0.0352751035196687,0.2561790890269151,18.8883,13.5396,1.16824,3.33682,0.1999923076923077,0.1289910256410256,0.0277743589743589,0.7443737060041408,0.1890126811594203,0.0352751035196687,0.2561790890269151,18.8883,13.5396,1.16824,3.33682,0.1999923076923077,0.1289910256410256,0.0277743589743589
32,6.3698757763975165,1.9724171842650104,0.9694332298136646,1.1388457556935818,84.0586,78.49600000000001,82.2662,87.4923,0.0908641025641025,0.0627403846153846,0.057575,6.3698757763975165,1.9724171842650104,0.9694332298136646,1.1388457556935818,84.0586,78.49600000000001,82.2662,87.4923,0.0908641025641025,0.0627403846153846,0.057575
33,1.845274327122153,0.1768167701863354,0.0746009316770186,0.3476837474120083,31.1388,84.0529,87.5,95.675,0.2000948717948718,0.0364346153846154,0.0024692307692307,1.845274327122153,0.1768167701863354,0.0746009316770186,0.3476837474120083,31.1388,84.0529,87.5,95.675,0.2000948717948718,0.0364346153846154,0.0024692307692307
34,0.8264182194616977,0.2495755693581781,0.9088638716356108,0.1321405279503105,109.728,88.6198,107.34,113.869,0.2002948717948717,0.0300057692307692,0.0102660256410256,0.8264182194616977,0.2495755693581781,0.9088638716356108,0.1321405279503105,109.728,88.6198,107.34,113.869,0.2002948717948717,0.0300057692307692,0.0102660256410256
35,0.686164596273292,0.2389616977225673,0.4655926501035197,0.2005372670807453,57.3335,51.8985,80.7698,81.97399999999999,0.1998692307692308,0.1054653846153846,0.0419980769230769,0.686164596273292,0.2389616977225673,0.4655926501035197,0.2005372670807453,57.3335,51.8985,80.7698,81.97399999999999,0.1998692307692308,0.1054653846153846,0.0419980769230769
36,1.3126656314699794,1.6494798136645965,0.3192132505175983,0.0464197722567287,37.2862,30.7581,52.3869,50.1007,0.1999038461538461,0.1029974358974358,0.048950641025641,1.3126656314699794,1.6494798136645965,0.3192132505175983,0.0464197722567287,37.2862,30.7581,52.3869,50.1007,0.1999038461538461,0.1029974358974358,0.048950641025641
37,4.728053830227744,1.140885093167702,0.758858695652174,0.6958255693581782,82.9748,89.7774,98.1065,116.541,0.0632724358974358,0.0618166666666666,0.0437179487179487,4.728053830227744,1.140885093167702,0.758858695652174,0.6958255693581782,82.9748,89.7774,98.1065,116.541,0.0632724358974358,0.0618166666666666,0.0437179487179487
38,4.0171066252588,0.1310520186335403,0.1296469979296066,0.1178398033126294,63.1875,92.2998,103.263,107.794,0.1999666666666666,0.1207173076923076,0.0477205128205128,4.0171066252588,0.1310520186335403,0.1296469979296066,0.1178398033126294,63.1875,92.2998,103.263,107.794,0.1999666666666666,0.1207173076923076,0.0477205128205128
39,1.0419202898550726,0.3270108695652174,0.6267960662525881,0.1790447722567288,144.65,43.9105,63.8618,76.7006,0.2000801282051282,0.0232865384615384,0.0048096153846154,1.0419202898550726,0.3270108695652174,0.6267960662525881,0.1790447722567288,144.65,43.9105,63.8618,76.7006,0.2000801282051282,0.0232865384615384,0.0048096153846154
40,0.8640942028985507,0.1989153726708074,0.1320546066252588,0.3719306418219462,106.203,19.0748,32.8247,48.2137,0.1998430128205128,0.0448544871794871,0.0200403846153846,0.8640942028985507,0.1989153726708074,0.1320546066252588,0.3719306418219462,106.203,19.0748,32.8247,48.2137,0.1998430128205128,0.0448544871794871,0.0200403846153846
41,4.0046842650103525,1.443628364389234,0.73870082815735,0.846741718426501,82.1502,85.4315,95.0587,98.3804,0.0562455128205128,0.0436615384615384,0.0388461538461538,4.0046842650103525,1.443628364389234,0.73870082815735,0.846741718426501,82.1502,85.4315,95.0587,98.3804,0.0562455128205128,0.0436615384615384,0.0388461538461538
42,2.620289855072464,0.9249068322981367,0.8615553830227743,0.727784679089027,75.1397,79.9245,91.9791,99.8591,0.0197314102564102,0.0210320512820512,0.018075,2.620289855072464,0.9249068322981367,0.8615553830227743,0.727784679089027,75.1397,79.9245,91.9791,99.8591,0.0197314102564102,0.0210320512820512,0.018075
43,5.025569358178054,1.306860766045549,1.0433850931677018,0.9120315734989648,93.2633,104.994,117.44,129.691,0.0766737179487179,0.0590358974358974,0.0417557692307692,5.025569358178054,1.306860766045549,1.0433850931677018,0.9120315734989648,93.2633,104.994,117.44,129.691,0.0766737179487179,0.0590358974358974,0.0417557692307692
44,11.332867494824018,2.609316770186336,0.9202562111801242,0.8754373706004142,104.089,95.0206,89.0597,95.4358,0.2092113461538461,0.0987185897435897,0.0805033333333333,11.332867494824018,2.609316770186336,0.9202562111801242,0.8754373706004142,104.089,95.0206,89.0597,95.4358,0.2092113461538461,0.0987185897435897,0.0805033333333333
45,0.5083902691511387,0.6275439958592133,0.1589039855072463,0.3293555900621118,75.6919,68.5047,62.4628,58.5032,0.2000025641025641,0.1107179487179487,0.0199852564102564,0.5083902691511387,0.6275439958592133,0.1589039855072463,0.3293555900621118,75.6919,68.5047,62.4628,58.5032,0.2000025641025641,0.1107179487179487,0.0199852564102564
46,2.7482660455486547,0.969847308488613,0.8894772256728779,1.0494591097308488,70.0032,69.6736,69.4326,79.1884,0.0334115384615384,0.0305153846153845,0.0314993589743589,2.7482660455486547,0.969847308488613,0.8894772256728779,1.0494591097308488,70.0032,69.6736,69.4326,79.1884,0.0334115384615384,0.0305153846153845,0.0314993589743589
47,1.326521739130435,0.183983436853002,0.1342644927536232,0.3892106625258799,84.7331,31.9765,39.2533,50.2299,0.2000792307692308,0.0432064102564102,0.0160884615384615,1.326521739130435,0.183983436853002,0.1342644927536232,0.3892106625258799,84.7331,31.9765,39.2533,50.2299,0.2000792307692308,0.0432064102564102,0.0160884615384615
48,0.0747083333333333,0.1533830227743271,0.0957085921325051,0.1269422877846791,2.10684,19.1177,35.4619,52.0791,0.2000173076923077,0.1611660256410255,0.1083064102564102,0.0747083333333333,0.1533830227743271,0.0957085921325051,0.1269422877846791,2.10684,19.1177,35.4619,52.0791,0.2000173076923077,0.1611660256410255,0.1083064102564102
49,2.113346273291925,1.0070367494824015,0.8714984472049689,0.8198706004140788,75.6146,79.1172,82.1601,81.6606,0.0266955128205128,0.0236967948717948,0.0239429487179487,2.113346273291925,1.0070367494824015,0.8714984472049689,0.8198706004140788,75.6146,79.1172,82.1601,81.6606,0.0266955128205128,0.0236967948717948,0.0239429487179487
50,4.642287784679089,1.1231030020703934,0.7262396480331265,0.6145419254658385,71.0222,69.0068,66.6871,69.1609,0.1130070512820512,0.0765775641025641,0.0372814102564102,4.642287784679089,1.1231030020703934,0.7262396480331265,0.6145419254658385,71.0222,69.0068,66.6871,69.1609,0.1130070512820512,0.0765775641025641,0.0372814102564102
51,4.51516563146998,1.6111387163561075,0.9913328157349895,0.9302613871635612,71.8979,69.2707,71.2018,75.4857,0.1554655128205128,0.0964096153846154,0.0379884615384615,4.51516563146998,1.6111387163561075,0.9913328157349895,0.9302613871635612,71.8979,69.2707,71.2018,75.4857,0.1554655128205128,0.0964096153846154,0.0379884615384615
52,4.821014492753624,1.6439492753623188,0.9401164596273291,1.1477018633540372,72.9515,71.8515,72.7665,83.4368,0.1089480769230769,0.0692641025641025,0.0490442307692307,4.821014492753624,1.6439492753623188,0.9401164596273291,1.1477018633540372,72.9515,71.8515,72.7665,83.4368,0.1089480769230769,0.0692641025641025,0.0490442307692307
53,0.3903830227743271,0.088925983436853,0.0486389751552795,0.0666915113871635,20.6902,4.82541,9.32181,9.004480000000001,0.1999980769230769,0.123225641025641,0.0280358974358974,0.3903830227743271,0.088925983436853,0.0486389751552795,0.0666915113871635,20.6902,4.82541,9.32181,9.004480000000001,0.1999980769230769,0.123225641025641,0.0280358974358974
54,2.531182712215321,1.0844306418219465,0.5782634575569358,0.7369099378881988,65.044,61.0826,55.9838,60.9576,0.0434160256410256,0.0391858974358974,0.0317910256410256,2.531182712215321,1.0844306418219465,0.5782634575569358,0.7369099378881988,65.044,61.0826,55.9838,60.9576,0.0434160256410256,0.0391858974358974,0.0317910256410256
55,4.793064182194617,1.1367210144927538,0.7251164596273293,0.8018193581780538,62.7027,62.3029,68.7172,79.1322,0.0707448717948718,0.0465326923076922,0.0384878205128205,4.793064182194617,1.1367210144927538,0.7251164596273293,0.8018193581780538,62.7027,62.3029,68.7172,79.1322,0.0707448717948718,0.0465326923076922,0.0384878205128205
56,6.720393374741202,1.7945186335403729,1.04360248447205,0.9987836438923396,74.8876,76.3159,78.1716,78.5507,0.1082448717948717,0.080199358974359,0.0506967948717948,6.720393374741202,1.7945186335403729,1.04360248447205,0.9987836438923396,74.8876,76.3159,78.1716,78.5507,0.1082448717948717,0.080199358974359,0.0506967948717948
57,5.7265269151138725,1.459513457556936,0.8315476190476191,0.8136257763975155,64.9843,63.9189,66.8282,74.3454,0.1038134615384615,0.0706442307692307,0.0439955128205128,5.7265269151138725,1.459513457556936,0.8315476190476191,0.8136257763975155,64.9843,63.9189,66.8282,74.3454,0.1038134615384615,0.0706442307692307,0.0439955128205128
58,1.7305305383022775,0.3700284679089026,0.2310113871635611,0.4471790890269151,74.2958,55.0551,63.4376,76.8558,0.1998525641025641,0.0405884615384615,0.0164788461538461,1.7305305383022775,0.3700284679089026,0.2310113871635611,0.4471790890269151,74.2958,55.0551,63.4376,76.8558,0.1998525641025641,0.0405884615384615,0.0164788461538461
59,2.952924430641822,1.140393374741201,0.7176242236024846,0.7061231884057971,112.871,115.468,110.633,97.3222,0.0420051282051282,0.0364551282051282,0.0304820512820512,2.952924430641822,1.140393374741201,0.7176242236024846,0.7061231884057971,112.871,115.468,110.633,97.3222,0.0420051282051282,0.0364551282051282,0.0304820512820512
60,0.1516669254658385,0.3721014492753623,0.1837688923395445,0.1186801242236025,18.5053,30.2149,39.48,43.9289,0.2000092307692307,0.1381532051282051,0.0384153846153846,0.1516669254658385,0.3721014492753623,0.1837688923395445,0.1186801242236025,18.5053,30.2149,39.48,43.9289,0.2000092307692307,0.1381532051282051,0.0384153846153846
61,1.56273033126294,0.8198395445134576,0.0529689440993788,0.2028015010351967,28.506,2.7896400000000003,22.9448,15.462,0.1999782051282051,0.1294615384615385,0.0336455128205128,1.56273033126294,0.8198395445134576,0.0529689440993788,0.2028015010351967,28.506,2.7896400000000003,22.9448,15.462,0.1999782051282051,0.1294615384615385,0.0336455128205128
62,1.900465838509317,0.3299508281573499,0.2711982401656315,0.6645678053830227,107.16,108.878,110.079,104.131,0.0100474358974358,0.0177582692307692,0.0206358974358974,1.900465838509317,0.3299508281573499,0.2711982401656315,0.6645678053830227,107.16,108.878,110.079,104.131,0.0100474358974358,0.0177582692307692,0.0206358974358974
63,1.50513198757764,0.2566042960662526,0.2633100414078675,0.392888198757764,63.7746,67.154,68.6322,70.1349,0.0099057692307692,0.0132641025641025,0.0112197435897435,1.50513198757764,0.2566042960662526,0.2633100414078675,0.392888198757764,63.7746,67.154,68.6322,70.1349,0.0099057692307692,0.0132641025641025,0.0112197435897435
64,3.204943064182195,0.7834187370600414,0.1372885610766045,0.616268115942029,146.744,74.6836,56.3139,48.5891,0.1999551282051282,0.0444025641025641,0.0100826923076922,3.204943064182195,0.7834187370600414,0.1372885610766045,0.616268115942029,146.744,74.6836,56.3139,48.5891,0.1999551282051282,0.0444025641025641,0.0100826923076922
65,2.585010351966874,0.3527329192546584,0.3358566252587992,0.6453493788819876,25.4771,21.483,71.0,65.1861,0.1999470512820513,0.1662141025641025,0.0048121794871795,2.585010351966874,0.3527329192546584,0.3358566252587992,0.6453493788819876,25.4771,21.483,71.0,65.1861,0.1999470512820513,0.1662141025641025,0.0048121794871795
66,4.213561076604555,1.113002070393375,0.8142003105590063,0.8141951345755695,134.714,138.238,130.0,113.455,0.0531089743589743,0.0468025641025641,0.0409634615384615,4.213561076604555,1.113002070393375,0.8142003105590063,0.8141951345755695,134.714,138.238,130.0,113.455,0.0531089743589743,0.0468025641025641,0.0409634615384615
67,2.5704710144927536,0.1446237060041408,0.1969319358178053,0.1896418219461698,101.974,1.97882,6.755439999999999,16.4064,0.2000048141025641,0.0387653846153846,0.0158224358974358,2.5704710144927536,0.1446237060041408,0.1969319358178053,0.1896418219461698,101.974,1.97882,6.755439999999999,16.4064,0.2000048141025641,0.0387653846153846,0.0158224358974358
68,4.35036231884058,0.9868297101449276,0.8316796066252589,0.7650646997929607,70.9032,69.3958,71.7303,72.3346,0.0880820512820512,0.0675608974358974,0.0454820512820512,4.35036231884058,0.9868297101449276,0.8316796066252589,0.7650646997929607,70.9032,69.3958,71.7303,72.3346,0.0880820512820512,0.0675608974358974,0.0454820512820512
69,5.533566252587992,1.1667908902691513,0.8550931677018635,0.5486438923395445,91.1121,97.2287,105.759,110.198,0.1468021153846154,0.0875557692307692,0.0317044871794871,5.533566252587992,1.1667908902691513,0.8550931677018635,0.5486438923395445,91.1121,97.2287,105.759,110.198,0.1468021153846154,0.0875557692307692,0.0317044871794871
70,5.864363354037267,1.448853519668737,1.1789052795031056,1.0647412008281574,207.144,209.537,203.539,196.917,0.0329538461538461,0.0313044871794871,0.0272301282051281,5.864363354037267,1.448853519668737,1.1789052795031056,1.0647412008281574,207.144,209.537,203.539,196.917,0.0329538461538461,0.0313044871794871,0.0272301282051281
71,0.0245543219461697,0.0090004399585921,0.0661739130434782,0.068597049689441,20.5299,12.308,3.25823,3.4344300000000003,0.2000123717948718,0.1342532051282051,0.0237673076923076,0.0245543219461697,0.0090004399585921,0.0661739130434782,0.068597049689441,20.5299,12.308,3.25823,3.4344300000000003,0.2000123717948718,0.1342532051282051,0.0237673076923076
72,3.0498188405797104,0.8531444099378882,0.5743478260869566,0.6360274327122154,74.0346,76.7926,85.0774,84.4999,0.0528179487179487,0.0345705128205128,0.0234282051282051,3.0498188405797104,0.8531444099378882,0.5743478260869566,0.6360274327122154,74.0346,76.7926,85.0774,84.4999,0.0528179487179487,0.0345705128205128,0.0234282051282051
73,3.3905279503105588,1.3279761904761906,0.8378907867494824,0.8765657349896481,65.3144,68.3619,73.6837,74.3351,0.0866532051282051,0.0845852564102563,0.0635461538461538,3.3905279503105588,1.3279761904761906,0.8378907867494824,0.8765657349896481,65.3144,68.3619,73.6837,74.3351,0.0866532051282051,0.0845852564102563,0.0635461538461538
74,3.533074534161491,0.8709782608695652,0.6958592132505176,0.7974715320910973,98.993,95.4107,84.331,80.9896,0.0593147435897435,0.058650641025641,0.0360326923076923,3.533074534161491,0.8709782608695652,0.6958592132505176,0.7974715320910973,98.993,95.4107,84.331,80.9896,0.0593147435897435,0.058650641025641,0.0360326923076923
75,3.829321946169773,1.3344073498964804,0.9634497929606626,0.7853079710144928,103.672,108.297,111.461,114.73,0.0645307692307692,0.0585794871794872,0.0415980769230769,3.829321946169773,1.3344073498964804,0.9634497929606626,0.7853079710144928,103.672,108.297,111.461,114.73,0.0645307692307692,0.0585794871794872,0.0415980769230769
76,4.179554865424431,1.38324016563147,0.9262292960662526,0.9858799171842652,69.6306,66.8254,65.7308,72.518,0.0880288461538461,0.0606480769230769,0.0472916666666666,4.179554865424431,1.38324016563147,0.9262292960662526,0.9858799171842652,69.6306,66.8254,65.7308,72.518,0.0880288461538461,0.0606480769230769,0.0472916666666666
77,4.540967908902692,1.6999792960662523,1.0281573498964802,1.3486801242236026,71.7273,73.2415,90.2414,100.868,0.0647160256410256,0.0533333333333333,0.0521403846153846,4.540967908902692,1.6999792960662523,1.0281573498964802,1.3486801242236026,71.7273,73.2415,90.2414,100.868,0.0647160256410256,0.0533333333333333,0.0521403846153846
78,2.2584006211180125,1.1538638716356109,0.733998447204969,0.8561128364389233,57.0959,59.8848,64.9633,71.7013,0.0344551282051282,0.0278711538461538,0.025927564102564,2.2584006211180125,1.1538638716356109,0.733998447204969,0.8561128364389233,57.0959,59.8848,64.9633,71.7013,0.0344551282051282,0.0278711538461538,0.025927564102564
79,5.807298136645963,1.920960144927536,0.92699016563147,0.8892675983436855,85.0754,82.6973,74.5062,78.0029,0.0973089743589743,0.0669942307692307,0.0472243589743589,5.807298136645963,1.920960144927536,0.92699016563147,0.8892675983436855,85.0754,82.6973,74.5062,78.0029,0.0973089743589743,0.0669942307692307,0.0472243589743589
80,0.284296066252588,0.1872114389233954,0.1304906832298136,0.1521666666666666,2.74401,19.125,20.2111,12.1555,0.1999985897435897,0.0854083333333333,0.0265551282051282,0.284296066252588,0.1872114389233954,0.1304906832298136,0.1521666666666666,2.74401,19.125,20.2111,12.1555,0.1999985897435897,0.0854083333333333,0.0265551282051282
81,1.0238431677018636,0.3569254658385093,0.2878209109730849,0.4235429606625259,62.2149,62.7514,62.7201,66.2152,0.0104153846153846,0.0149910256410256,0.0121628205128205,1.0238431677018636,0.3569254658385093,0.2878209109730849,0.4235429606625259,62.2149,62.7514,62.7201,66.2152,0.0104153846153846,0.0149910256410256,0.0121628205128205
82,1.5083928571428575,0.3229011387163561,0.4533669772256729,0.7242753623188407,79.6848,20.457,24.4173,16.735,0.1999713461538461,0.0409205128205128,0.0242153846153846,1.5083928571428575,0.3229011387163561,0.4533669772256729,0.7242753623188407,79.6848,20.457,24.4173,16.735,0.1999713461538461,0.0409205128205128,0.0242153846153846
83,0.3869979296066252,0.093228519668737,0.0972145445134575,0.2863923395445135,101.563,17.2618,23.4636,38.5812,0.2000827564102563,0.0389115384615384,0.0160724358974358,0.3869979296066252,0.093228519668737,0.0972145445134575,0.2863923395445135,101.563,17.2618,23.4636,38.5812,0.2000827564102563,0.0389115384615384,0.0160724358974358
84,0.3187034161490683,1.2198524844720495,0.2388843167701863,0.0371550207039337,23.6504,6.972860000000001,6.67347,7.5035,0.2000102564102564,0.1297801282051281,0.04665,0.3187034161490683,1.2198524844720495,0.2388843167701863,0.0371550207039337,23.6504,6.972860000000001,6.67347,7.5035,0.2000102564102564,0.1297801282051281,0.04665
85,2.971687370600414,0.8591821946169774,0.6710119047619048,0.6441123188405797,61.74100000000001,58.6902,71.7848,83.4083,0.0652108974358974,0.0637480769230769,0.0275128205128205,2.971687370600414,0.8591821946169774,0.6710119047619048,0.6441123188405797,61.74100000000001,58.6902,71.7848,83.4083,0.0652108974358974,0.0637480769230769,0.0275128205128205
86,4.283022774327122,1.2363483436853004,0.7308281573498965,0.7925155279503107,69.9709,72.3406,82.7653,97.4892,0.0545596153846153,0.0401608974358974,0.0350967948717948,4.283022774327122,1.2363483436853004,0.7308281573498965,0.7925155279503107,69.9709,72.3406,82.7653,97.4892,0.0545596153846153,0.0401608974358974,0.0350967948717948
87,0.3410584886128364,0.169222049689441,0.0813115942028985,0.0943408385093167,1.47048,10.2159,14.8846,17.3855,0.1999889102564102,0.1303269230769231,0.0501333333333333,0.3410584886128364,0.169222049689441,0.0813115942028985,0.0943408385093167,1.47048,10.2159,14.8846,17.3855,0.1999889102564102,0.1303269230769231,0.0501333333333333
88,1.7225621118012424,0.1155603002070393,0.2798576604554865,0.0486992753623188,117.616,20.5311,4.45151,12.1361,0.2001407051282051,0.0471121794871794,0.021426282051282,1.7225621118012424,0.1155603002070393,0.2798576604554865,0.0486992753623188,117.616,20.5311,4.45151,12.1361,0.2001407051282051,0.0471121794871794,0.021426282051282
89,4.943555900621118,1.2743969979296066,0.7759083850931677,0.8864699792960663,66.7898,70.999,83.1941,101.379,0.0934347435897435,0.0710429487179487,0.0373942307692307,4.943555900621118,1.2743969979296066,0.7759083850931677,0.8864699792960663,66.7898,70.999,83.1941,101.379,0.0934347435897435,0.0710429487179487,0.0373942307692307
90,1.3218633540372673,0.3101682194616977,0.3038768115942029,0.3451656314699793,56.9826,59.8783,62.7777,67.4488,0.0094070512820512,0.0119826923076923,0.0098179487179487,1.3218633540372673,0.3101682194616977,0.3038768115942029,0.3451656314699793,56.9826,59.8783,62.7777,67.4488,0.0094070512820512,0.0119826923076923,0.0098179487179487
91,1.0436257763975154,0.2938871635610766,0.3277251552795031,0.5348887163561077,54.8305,60.0998,69.4491,75.7093,0.0112149999999999,0.0188161538461538,0.0185397435897436,1.0436257763975154,0.2938871635610766,0.3277251552795031,0.5348887163561077,54.8305,60.0998,69.4491,75.7093,0.0112149999999999,0.0188161538461538,0.0185397435897436
92,3.966796066252588,0.9153286749482404,0.6499456521739131,0.7442003105590064,97.5111,100.413,97.5768,95.9501,0.0501185897435897,0.0291205128205128,0.0255314102564102,3.966796066252588,0.9153286749482404,0.6499456521739131,0.7442003105590064,97.5111,100.413,97.5768,95.9501,0.0501185897435897,0.0291205128205128,0.0255314102564102
93,1.515113871635611,0.572098861283644,0.6147722567287786,0.5783385093167702,84.1415,88.3436,98.5082,108.318,0.0270653846153846,0.022751282051282,0.0165032051282051,1.515113871635611,0.572098861283644,0.6147722567287786,0.5783385093167702,84.1415,88.3436,98.5082,108.318,0.0270653846153846,0.022751282051282,0.0165032051282051
94,2.7007505175983435,0.99087215320911,0.7083359213250517,0.7069177018633541,86.0843,79.4538,85.5726,108.053,0.0397692307692307,0.0363749999999999,0.0295403846153846,2.7007505175983435,0.99087215320911,0.7083359213250517,0.7069177018633541,86.0843,79.4538,85.5726,108.053,0.0397692307692307,0.0363749999999999,0.0295403846153846
95,3.037655279503106,1.1105486542443064,0.7026138716356108,0.7415295031055901,62.1353,65.2306,72.3696,86.4633,0.0493378205128205,0.036376282051282,0.0285871794871794,3.037655279503106,1.1105486542443064,0.7026138716356108,0.7415295031055901,62.1353,65.2306,72.3696,86.4633,0.0493378205128205,0.036376282051282,0.0285871794871794
96,1.5013561076604556,0.2912732919254658,0.3419125258799172,0.3353286749482402,45.6188,46.3316,44.4419,47.8111,0.0079275641025641,0.0098596153846153,0.0099910256410256,1.5013561076604556,0.2912732919254658,0.3419125258799172,0.3353286749482402,45.6188,46.3316,44.4419,47.8111,0.0079275641025641,0.0098596153846153,0.0099910256410256
97,4.423524844720498,1.1925879917184266,0.8339285714285716,0.7989492753623189,59.917,63.8632,69.305,70.8427,0.0770615384615384,0.0498102564102564,0.0365378205128205,4.423524844720498,1.1925879917184266,0.8339285714285716,0.7989492753623189,59.917,63.8632,69.305,70.8427,0.0770615384615384,0.0498102564102564,0.0365378205128205
98,0.8872334368530022,0.2094448757763975,0.2001920289855072,0.2622153209109731,38.2456,41.0968,45.5996,45.982,0.0077666666666666,0.0105025641025641,0.0087346153846153,0.8872334368530022,0.2094448757763975,0.2001920289855072,0.2622153209109731,38.2456,41.0968,45.5996,45.982,0.0077666666666666,0.0105025641025641,0.0087346153846153
99,2.513589544513458,0.9471066252587992,0.7544591097308488,0.7027070393374741,59.8101,55.3337,52.5812,56.8923,0.0272955128205127,0.0232410256410256,0.0183128205128205,2.513589544513458,0.9471066252587992,0.7544591097308488,0.7027070393374741,59.8101,55.3337,52.5812,56.8923,0.0272955128205127,0.0232410256410256,0.0183128205128205
100,0.6088871635610766,0.212960403726708,0.2076438923395445,0.2741330227743271,51.1239,53.567,53.9933,52.2911,0.0068801282051282,0.0090880769230769,0.0083046153846153,0.6088871635610766,0.212960403726708,0.2076438923395445,0.2741330227743271,51.1239,53.567,53.9933,52.2911,0.0068801282051282,0.0090880769230769,0.0083046153846153
101,0.6080564182194618,0.2100996376811594,0.2327026397515528,0.2861180124223602,53.1807,52.3128,50.5807,49.3645,0.0092730769230769,0.0109705128205128,0.0092871794871794,0.6080564182194618,0.2100996376811594,0.2327026397515528,0.2861180124223602,53.1807,52.3128,50.5807,49.3645,0.0092730769230769,0.0109705128205128,0.0092871794871794
102,1.3127070393374742,0.6516744306418221,0.4871842650103519,0.5472230848861284,60.5509,62.5395,67.7802,73.5519,0.0138474358974358,0.0159615384615384,0.0149782051282051,1.3127070393374742,0.6516744306418221,0.4871842650103519,0.5472230848861284,60.5509,62.5395,67.7802,73.5519,0.0138474358974358,0.0159615384615384,0.0149782051282051
103,2.010574534161491,0.6882479296066254,0.7565605590062112,0.7633100414078675,59.2904,60.9413,64.2414,65.5455,0.0432641025641025,0.0326096153846154,0.0216801282051282,2.010574534161491,0.6882479296066254,0.7565605590062112,0.7633100414078675,59.2904,60.9413,64.2414,65.5455,0.0432641025641025,0.0326096153846154,0.0216801282051282
104,0.9336542443064184,0.2953416149068323,0.2805072463768115,0.3104839544513458,71.2047,73.9153,79.3975,81.7829,0.0100493589743589,0.0119570512820512,0.009200641025641,0.9336542443064184,0.2953416149068323,0.2805072463768115,0.3104839544513458,71.2047,73.9153,79.3975,81.7829,0.0100493589743589,0.0119570512820512,0.009200641025641
105,2.155383022774328,0.2452021221532091,0.2853079710144927,0.3948887163561077,77.5468,74.3648,79.1397,81.4199,0.0075544871794871,0.0115237179487179,0.0105653846153846,2.155383022774328,0.2452021221532091,0.2853079710144927,0.3948887163561077,77.5468,74.3648,79.1397,81.4199,0.0075544871794871,0.0115237179487179,0.0105653846153846
106,0.922111801242236,0.1946451863354037,0.1880913561076604,0.2962784679089027,43.7644,41.6318,38.4183,44.431,0.0075307692307692,0.0091641025641025,0.0087180128205128,0.922111801242236,0.1946451863354037,0.1880913561076604,0.2962784679089027,43.7644,41.6318,38.4183,44.431,0.0075307692307692,0.0091641025641025,0.0087180128205128
107,1.153574016563147,0.2593969979296067,0.2538757763975155,0.2837448240165631,43.1051,45.639,45.9263,50.2385,0.0072108974358974,0.0091449358974358,0.0080089743589743,1.153574016563147,0.2593969979296067,0.2538757763975155,0.2837448240165631,43.1051,45.639,45.9263,50.2385,0.0072108974358974,0.0091449358974358,0.0080089743589743
108,5.67694099378882,1.3466589026915117,0.7317391304347827,0.8362292960662527,61.499,61.7818,65.6152,68.9531,0.0878192307692307,0.0599294871794871,0.0447865384615385,5.67694099378882,1.3466589026915117,0.7317391304347827,0.8362292960662527,61.499,61.7818,65.6152,68.9531,0.0878192307692307,0.0599294871794871,0.0447865384615385
109,0.6044616977225674,0.2276206004140787,0.2192116977225673,0.2542298136645963,42.2387,43.1492,43.8485,45.2058,0.0085224358974358,0.0110108974358974,0.0086673076923076,0.6044616977225674,0.2276206004140787,0.2192116977225673,0.2542298136645963,42.2387,43.1492,43.8485,45.2058,0.0085224358974358,0.0110108974358974,0.0086673076923076
110,4.4677277432712215,1.4660895445134576,0.6999197722567289,0.6946169772256728,66.101,66.32300000000001,68.2322,70.8058,0.0999980769230769,0.0722083333333333,0.0439038461538461,4.4677277432712215,1.4660895445134576,0.6999197722567289,0.6946169772256728,66.101,66.32300000000001,68.2322,70.8058,0.0999980769230769,0.0722083333333333,0.0439038461538461
111,1.366141304347826,0.2472274844720497,0.3328856107660456,0.4171609730848861,75.176,76.0702,76.4233,76.3965,0.010476282051282,0.0125833333333333,0.0124089743589743,1.366141304347826,0.2472274844720497,0.3328856107660456,0.4171609730848861,75.176,76.0702,76.4233,76.3965,0.010476282051282,0.0125833333333333,0.0124089743589743
112,1.1803002070393376,0.4727613871635611,0.4548628364389234,0.4599844720496894,50.9146,43.9206,48.2814,50.0297,0.0128358974358974,0.013850641025641,0.0121221794871794,1.1803002070393376,0.4727613871635611,0.4548628364389234,0.4599844720496894,50.9146,43.9206,48.2814,50.0297,0.0128358974358974,0.013850641025641,0.0121221794871794
113,4.238638716356108,0.9051242236024846,0.6622334368530021,0.8026009316770186,72.0474,68.9796,67.9637,57.449,0.0659179487179487,0.0441384615384615,0.0356057692307692,4.238638716356108,0.9051242236024846,0.6622334368530021,0.8026009316770186,72.0474,68.9796,67.9637,57.449,0.0659179487179487,0.0441384615384615,0.0356057692307692
114,1.434805900621118,0.2668167701863354,0.2377502587991718,0.4553131469979296,70.5242,71.6687,72.0445,68.3396,0.007043782051282,0.0130625641025641,0.0139557051282051,1.434805900621118,0.2668167701863354,0.2377502587991718,0.4553131469979296,70.5242,71.6687,72.0445,68.3396,0.007043782051282,0.0130625641025641,0.0139557051282051
115,1.52360248447205,0.2224428053830227,0.2408737060041408,0.2671195652173913,42.3001,44.6132,43.5581,47.3522,0.00656,0.0091621153846153,0.0080237179487179,1.52360248447205,0.2224428053830227,0.2408737060041408,0.2671195652173913,42.3001,44.6132,43.5581,47.3522,0.00656,0.0091621153846153,0.0080237179487179
116,2.561260351966874,0.7238354037267081,0.713871635610766,0.5948110766045549,73.9834,79.493,81.0707,78.6168,0.0202217948717948,0.0172435897435897,0.0154884615384615,2.561260351966874,0.7238354037267081,0.713871635610766,0.5948110766045549,73.9834,79.493,81.0707,78.6168,0.0202217948717948,0.0172435897435897,0.0154884615384615
117,4.879399585921326,1.1088405797101448,0.6892365424430641,0.9229218426501036,77.6,79.2876,78.4756,82.2952,0.0670839743589743,0.0509557692307692,0.0446423076923077,4.879399585921326,1.1088405797101448,0.6892365424430641,0.9229218426501036,77.6,79.2876,78.4756,82.2952,0.0670839743589743,0.0509557692307692,0.0446423076923077
118,1.7342132505175984,0.3201164596273292,0.3261438923395445,0.4525957556935817,93.2645,96.5203,95.7201,84.9441,0.0095378205128205,0.0131179487179487,0.0122679487179487,1.7342132505175984,0.3201164596273292,0.3261438923395445,0.4525957556935817,93.2645,96.5203,95.7201,84.9441,0.0095378205128205,0.0131179487179487,0.0122679487179487
119,2.603105590062112,1.086984989648033,0.8400595238095239,0.8119591097308488,73.1897,72.6819,76.1419,85.7014,0.0278288461538461,0.0276339743589743,0.0281205128205128,2.603105590062112,1.086984989648033,0.8400595238095239,0.8119591097308488,73.1897,72.6819,76.1419,85.7014,0.0278288461538461,0.0276339743589743,0.0281205128205128
120,0.7245936853002071,0.244871635610766,0.2308925983436853,0.3195600414078675,44.1806,44.695,46.2595,44.7878,0.0092596153846153,0.0113814102564102,0.0090608974358974,0.7245936853002071,0.244871635610766,0.2308925983436853,0.3195600414078675,44.1806,44.695,46.2595,44.7878,0.0092596153846153,0.0113814102564102,0.0090608974358974
121,1.0872826086956522,0.4390269151138716,0.413434265010352,0.3393788819875776,58.5577,63.8265,70.0278,72.146,0.0124730769230769,0.0128673076923076,0.0098230769230769,1.0872826086956522,0.4390269151138716,0.413434265010352,0.3393788819875776,58.5577,63.8265,70.0278,72.146,0.0124730769230769,0.0128673076923076,0.0098230769230769
122,1.0921635610766045,0.2634420289855073,0.277233436853002,0.3716252587991718,50.7554,51.9997,51.7995,47.5553,0.0087102564102564,0.0125025641025641,0.0109070512820512,1.0921635610766045,0.2634420289855073,0.277233436853002,0.3716252587991718,50.7554,51.9997,51.7995,47.5553,0.0087102564102564,0.0125025641025641,0.0109070512820512
123,2.6566511387163563,0.3120445134575569,0.3293012422360248,0.3378726708074534,138.178,140.314,134.525,129.292,0.0094128205128205,0.0117615384615384,0.0088474358974358,2.6566511387163563,0.3120445134575569,0.3293012422360248,0.3378726708074534,138.178,140.314,134.525,129.292,0.0094128205128205,0.0117615384615384,0.0088474358974358
124,1.1716718426501036,0.4425388198757765,0.43078933747412,0.4297929606625259,61.7086,65.8707,71.7377,75.9096,0.0147217948717948,0.0132185897435897,0.0119628205128205,1.1716718426501036,0.4425388198757765,0.43078933747412,0.4297929606625259,61.7086,65.8707,71.7377,75.9096,0.0147217948717948,0.0132185897435897,0.0119628205128205
125,1.7180615942028985,0.2499218426501035,0.3508799171842651,0.4332116977225673,50.6742,51.8942,55.7572,52.4258,0.0113230769230769,0.0148891025641025,0.0137903846153846,1.7180615942028985,0.2499218426501035,0.3508799171842651,0.4332116977225673,50.6742,51.8942,55.7572,52.4258,0.0113230769230769,0.0148891025641025,0.0137903846153846
126,1.13069099378882,0.2533843167701863,0.2447471532091097,0.3238017598343685,46.5323,45.4061,50.4215,48.5524,0.0081,0.0108141025641025,0.0101391025641025,1.13069099378882,0.2533843167701863,0.2447471532091097,0.3238017598343685,46.5323,45.4061,50.4215,48.5524,0.0081,0.0108141025641025,0.0101391025641025
127,1.8168141821946169,0.2217028985507246,0.2460346790890269,0.3553312629399586,69.1376,69.2927,69.22399999999999,70.3489,0.0097435897435897,0.0117865384615384,0.0093935897435897,1.8168141821946169,0.2217028985507246,0.2460346790890269,0.3553312629399586,69.1376,69.2927,69.22399999999999,70.3489,0.0097435897435897,0.0117865384615384,0.0093935897435897
128,1.431682194616977,0.2808178053830227,0.2770134575569358,0.298574016563147,67.066,69.5559,72.1922,68.6646,0.0086730769230769,0.0112403846153846,0.0091948717948717,1.431682194616977,0.2808178053830227,0.2770134575569358,0.298574016563147,67.066,69.5559,72.1922,68.6646,0.0086730769230769,0.0112403846153846,0.0091948717948717
129,3.014544513457557,1.072311076604555,0.6173731884057971,0.7373291925465839,60.8721,56.5878,60.1274,61.3358,0.0384442307692307,0.0310461538461538,0.0246666666666666,3.014544513457557,1.072311076604555,0.6173731884057971,0.7373291925465839,60.8721,56.5878,60.1274,61.3358,0.0384442307692307,0.0310461538461538,0.0246666666666666
130,1.3342287784679088,0.6264389233954452,0.6093193581780538,0.6811749482401656,59.7484,57.5615,59.7393,57.3666,0.0175480769230769,0.0180115384615384,0.0183903846153846,1.3342287784679088,0.6264389233954452,0.6093193581780538,0.6811749482401656,59.7484,57.5615,59.7393,57.3666,0.0175480769230769,0.0180115384615384,0.0183903846153846
131,2.476425983436853,0.8525931677018633,0.7058152173913045,0.6494487577639751,42.5027,44.4798,48.9751,54.0736,0.0985967948717948,0.0787660256410256,0.0364564102564102,2.476425983436853,0.8525931677018633,0.7058152173913045,0.6494487577639751,42.5027,44.4798,48.9751,54.0736,0.0985967948717948,0.0787660256410256,0.0364564102564102
132,0.8416278467908903,0.2811697722567288,0.2551513975155279,0.3618659420289855,46.4206,49.2247,61.4764,69.35300000000001,0.0086134615384615,0.0125207692307692,0.0108785897435897,0.8416278467908903,0.2811697722567288,0.2551513975155279,0.3618659420289855,46.4206,49.2247,61.4764,69.35300000000001,0.0086134615384615,0.0125207692307692,0.0108785897435897
133,1.3698628364389236,0.232473602484472,0.2387049689440994,0.4128105590062111,37.2468,40.3932,44.5861,49.9991,0.0070711538461538,0.0101585897435897,0.0115738461538461,1.3698628364389236,0.232473602484472,0.2387049689440994,0.4128105590062111,37.2468,40.3932,44.5861,49.9991,0.0070711538461538,0.0101585897435897,0.0115738461538461
134,0.6999741200828159,0.2450499482401656,0.2608462732919254,0.3173136645962733,62.4865,69.5004,73.4869,70.6859,0.0093617948717948,0.0123839743589743,0.0097807692307692,0.6999741200828159,0.2450499482401656,0.2608462732919254,0.3173136645962733,62.4865,69.5004,73.4869,70.6859,0.0093617948717948,0.0123839743589743,0.0097807692307692
135,4.350491718426501,1.0695859213250518,0.9389104554865424,0.810934265010352,56.2777,55.3672,58.5703,66.6884,0.064351923076923,0.0373999999999999,0.0248064102564102,4.350491718426501,1.0695859213250518,0.9389104554865424,0.810934265010352,56.2777,55.3672,58.5703,66.6884,0.064351923076923,0.0373999999999999,0.0248064102564102
136,3.903545548654245,1.2751682194616978,0.7604140786749484,0.7771583850931678,57.7356,58.8416,61.202,63.6444,0.1031102564102564,0.0739410256410256,0.046726282051282,3.903545548654245,1.2751682194616978,0.7604140786749484,0.7771583850931678,57.7356,58.8416,61.202,63.6444,0.1031102564102564,0.0739410256410256,0.046726282051282
137,0.7326811594202899,0.2659808488612836,0.2892313664596273,0.3531055900621118,42.7565,42.1432,41.5297,43.3702,0.0074914102564102,0.0120134615384615,0.0100557692307692,0.7326811594202899,0.2659808488612836,0.2892313664596273,0.3531055900621118,42.7565,42.1432,41.5297,43.3702,0.0074914102564102,0.0120134615384615,0.0100557692307692
138,2.3431677018633543,1.0422075569358178,0.759787784679089,0.81449016563147,47.5663,52.1648,59.9104,72.5978,0.0253987179487179,0.0223326923076922,0.0238782051282051,2.3431677018633543,1.0422075569358178,0.759787784679089,0.81449016563147,47.5663,52.1648,59.9104,72.5978,0.0253987179487179,0.0223326923076922,0.0238782051282051
139,3.3419772256728777,1.3417857142857144,0.6734653209109732,0.885085403726708,60.3089,59.7461,58.9631,64.4131,0.0536923076923077,0.0424903846153846,0.037425,3.3419772256728777,1.3417857142857144,0.6734653209109732,0.885085403726708,60.3089,59.7461,58.9631,64.4131,0.0536923076923077,0.0424903846153846,0.037425
140,0.551286231884058,0.229194099378882,0.2717184265010352,0.2752251552795031,42.6329,43.1937,44.9179,46.4583,0.0089987179487179,0.0109115384615384,0.0085602564102564,0.551286231884058,0.229194099378882,0.2717184265010352,0.2752251552795031,42.6329,43.1937,44.9179,46.4583,0.0089987179487179,0.0109115384615384,0.0085602564102564
141,0.724684265010352,0.2113581780538302,0.281074016563147,0.3717339544513457,39.0489,38.6073,47.8437,48.9925,0.0099666666666666,0.0125384615384615,0.0109685897435897,0.724684265010352,0.2113581780538302,0.281074016563147,0.3717339544513457,39.0489,38.6073,47.8437,48.9925,0.0099666666666666,0.0125384615384615,0.0109685897435897
142,0.5872826086956522,0.2052665631469979,0.2133227225672878,0.2888043478260869,42.7385,45.0198,48.4313,54.9937,0.0072993589743589,0.0099474358974358,0.0088810256410256,0.5872826086956522,0.2052665631469979,0.2133227225672878,0.2888043478260869,42.7385,45.0198,48.4313,54.9937,0.0072993589743589,0.0099474358974358,0.0088810256410256
143,1.062166149068323,0.2154787784679089,0.2923550724637681,0.3059886128364389,44.7288,41.1822,42.2886,41.5107,0.0111141025641025,0.0132166666666666,0.009376923076923,1.062166149068323,0.2154787784679089,0.2923550724637681,0.3059886128364389,44.7288,41.1822,42.2886,41.5107,0.0111141025641025,0.0132166666666666,0.009376923076923
144,1.1336878881987578,0.4992443064182194,0.4833488612836439,0.5102536231884058,58.0467,59.9358,62.9653,65.5542,0.0137166666666666,0.0175467948717948,0.0145993589743589,1.1336878881987578,0.4992443064182194,0.4833488612836439,0.5102536231884058,58.0467,59.9358,62.9653,65.5542,0.0137166666666666,0.0175467948717948,0.0145993589743589
145,0.5883100414078675,0.226677536231884,0.2436829710144927,0.3424974120082816,54.5705,55.3485,55.3154,61.7716,0.0098173076923077,0.0144115384615384,0.0111237179487179,0.5883100414078675,0.226677536231884,0.2436829710144927,0.3424974120082816,54.5705,55.3485,55.3154,61.7716,0.0098173076923077,0.0144115384615384,0.0111237179487179
146,1.3075465838509317,0.2275385610766045,0.2369482401656314,0.2946946169772257,38.863,41.9622,42.8783,48.4264,0.0068283974358974,0.0076063461538461,0.008455641025641,1.3075465838509317,0.2275385610766045,0.2369482401656314,0.2946946169772257,38.863,41.9622,42.8783,48.4264,0.0068283974358974,0.0076063461538461,0.008455641025641
147,1.1653312629399586,0.2476878881987577,0.2542008281573499,0.4092184265010352,33.7455,39.1164,46.7269,53.6589,0.0081948717948717,0.0137971794871794,0.012156923076923,1.1653312629399586,0.2476878881987577,0.2542008281573499,0.4092184265010352,33.7455,39.1164,46.7269,53.6589,0.0081948717948717,0.0137971794871794,0.012156923076923
148,1.130564182194617,0.3132272256728778,0.2466224120082815,0.2743685300207039,67.9038,68.625,64.3848,65.8159,0.0086147435897435,0.0104358974358974,0.0081076923076923,1.130564182194617,0.3132272256728778,0.2466224120082815,0.2743685300207039,67.9038,68.625,64.3848,65.8159,0.0086147435897435,0.0104358974358974,0.0081076923076923
149,1.036462215320911,0.201199016563147,0.2646816770186335,0.3273266045548654,59.1162,63.0182,65.1296,61.1907,0.0088346153846153,0.0104717948717948,0.0096820512820512,1.036462215320911,0.201199016563147,0.2646816770186335,0.3273266045548654,59.1162,63.0182,65.1296,61.1907,0.0088346153846153,0.0104717948717948,0.0096820512820512
150,0.4202950310559006,0.1889277950310559,0.1988677536231884,0.2926915113871636,47.9755,51.2802,57.2,63.2247,0.0074647435897435,0.0102666666666666,0.008825641025641,0.4202950310559006,0.1889277950310559,0.1988677536231884,0.2926915113871636,47.9755,51.2802,57.2,63.2247,0.0074647435897435,0.0102666666666666,0.008825641025641
151,1.217753623188406,0.2562135093167702,0.2985662525879917,0.4849844720496895,32.8746,38.3011,45.652,47.3189,0.0087634615384615,0.0120355769230769,0.0130192307692307,1.217753623188406,0.2562135093167702,0.2985662525879917,0.4849844720496895,32.8746,38.3011,45.652,47.3189,0.0087634615384615,0.0120355769230769,0.0130192307692307
152,1.1402924430641823,0.2257370600414079,0.2494932712215321,0.4204554865424431,33.4775,35.0719,47.6911,55.8838,0.008375,0.0132153846153846,0.0133230769230769,1.1402924430641823,0.2257370600414079,0.2494932712215321,0.4204554865424431,33.4775,35.0719,47.6911,55.8838,0.008375,0.0132153846153846,0.0133230769230769
153,1.0203830227743271,0.2515398550724638,0.3021247412008281,0.2639984472049689,45.6936,49.0795,52.4554,53.5195,0.007075641025641,0.0087499999999999,0.0077648076923076,1.0203830227743271,0.2515398550724638,0.3021247412008281,0.2639984472049689,45.6936,49.0795,52.4554,53.5195,0.007075641025641,0.0087499999999999,0.0077648076923076
154,1.0557686335403729,0.1979034679089027,0.2689311594202899,0.258070652173913,40.7762,42.2856,46.6071,47.058,0.0070134615384615,0.0086147435897435,0.0079308974358974,1.0557686335403729,0.1979034679089027,0.2689311594202899,0.258070652173913,40.7762,42.2856,46.6071,47.058,0.0070134615384615,0.0086147435897435,0.0079308974358974
