,B,C,D,E
count,1000.0,1000.0,1000.0,1000.0
mean,89433.88367275757,315464.4595292752,346784.87201597035,6530.834760337955
std,102996.38340460323,69446.60001293595,71948.90768158028,2981.5270382987637
min,4772.720692014549,158480.0328317057,157860.72087237582,1804.475188463231
25%,38925.76286199986,266901.8100500071,296336.3532254935,4563.272717049773
50%,67746.28647123068,306277.6916216311,343131.03171712306,5907.091858294034
75%,112577.80506510762,353197.60101766477,389444.1400514207,7882.40033232294
max,2294893.8522626846,866850.3040372349,656804.8285390905,25322.087666239197
count,1000.0,1000.0,1000.0,1000.0
mean,25358.098334320606,218197.08429119783,187909.90245713555,7873.979865091009
std,24687.460895117165,54766.55906437716,52051.08024800789,3391.220834308899
min,0.0,102933.84894123225,62109.34284497427,2222.3077678893865
25%,7978.767320293254,179967.31121661962,151859.75777092192,5497.699601395447
50%,16362.870677305838,207991.05987646675,185423.52896960964,7122.041862606557
75%,35430.69630803429,248301.29057280748,221051.32295958503,9479.76053759954
max,173366.05629761342,461009.8024701617,399209.517223361,32243.31491998818
count,1000.0,1000.0,1000.0,1000.0
mean,2980.1452163821805,150283.94709032102,206930.0128045683,7147.2747453336415
std,7550.985896978001,38623.03095455047,54338.240513076176,3151.5698887185927
min,0.0,71294.98289948683,18663.009314069423,1960.0048433842119
25%,0.0,122351.95017267193,169049.2479724913,4910.227410795154
50%,706.4298387273303,146043.0495875177,204544.50246139304,6447.087342608879
75%,2953.310528009773,170857.04205942975,241729.94109354995,8741.443582053093
max,112786.62467290767,424197.1953466297,435506.0645415619,22894.614840565962
count,1000.0,1000.0,1000.0,1000.0
mean,12155.151670296613,93539.25094305375,231712.07197468763,7157.564182367624
std,31162.852530561377,32089.02762378711,52085.58689399347,3535.9977674664224
min,0.0,42234.82591945483,90896.5257747934,1982.0735923680193
25%,1484.7435925163368,73349.76651665423,197351.93074622942,4925.9221115954315
50%,4013.9570800764236,87198.79879379988,227960.75985574495,6354.398998273804
75%,11820.672806925777,105505.41767510067,264118.18938188034,8570.405550919488
max,690819.4825725724,423164.5205704425,417715.15457319346,48318.27896730837
count,861.0,861.0,861.0,861.0
mean,754465.3246262704,650893.2180232137,488049.26016823144,8030.938493581727
std,178450.97693476823,78689.40559513835,101160.45297962414,3633.269493357706
min,406838.7424560482,470095.1040832566,259895.7489996272,1956.0001566934047
25%,646654.570092496,599650.838916981,420413.4947854263,5593.030669751986
50%,731574.842440432,647878.6685715446,477126.39260600926,7244.406857077377
75%,839894.1305140028,696154.2971387301,543979.8634493286,9613.850161419441
max,3216987.950788479,1019647.5621382903,1044175.7798321348,33075.00200448587
count,1.0,1.0,1.0,1.0
mean,2529168.002167816,542043.4583367875,310213.2421526527,4750.945367705902
std,,,,
min,2529168.002167816,542043.4583367875,310213.2421526527,4750.945367705902
25%,2529168.002167816,542043.4583367875,310213.2421526527,4750.945367705902
50%,2529168.002167816,542043.4583367875,310213.2421526527,4750.945367705902
75%,2529168.002167816,542043.4583367875,310213.2421526527,4750.945367705902
max,2529168.002167816,542043.4583367875,310213.2421526527,4750.945367705902
count,1000.0,1000.0,1000.0,1000.0
mean,6.341309758573637,20277.506741163794,113926.14034511946,7117.355430615904
std,93.32665326139954,10842.195716214383,49874.03365374708,3445.3775741823397
min,0.0,2138.4152309612136,0.0,2262.586852692018
25%,0.0,13211.212997974068,79649.26820278485,4715.003468141108
50%,0.0,18866.821337300607,110737.05315220468,6372.573557120983
75%,0.0,25198.017326175235,148307.93205768522,8568.808680953343
max,2290.209847223879,200706.37002560962,266790.005775006,38410.33592359918
count,1000.0,1000.0,1000.0,1000.0
mean,2582.7180998913386,140080.85647418897,187193.20312065363,7338.73015691068
std,8087.5239585462,35589.33629812724,53906.121993276254,3296.4380922763817
min,0.0,62231.60890626308,54699.05423306504,1845.713822724122
25%,0.0,116755.65990425927,150492.69787013237,5140.449761133482
50%,297.76154139950233,135722.40521399627,185133.99872733053,6529.109342607058
75%,2522.0977732201445,158812.13737641333,220863.77676192,8856.048169740916
max,137322.00569209323,392480.35818138195,379952.1089106401,27994.321232622744
count,1000.0,1000.0,1000.0,1000.0
mean,111.51235587747395,90402.34450940714,184129.33112888847,7887.170149768153
std,1198.9969336315382,30998.709516206985,52911.013666481456,3497.1004663258987
min,0.0,44377.58879998247,43707.841288331845,2434.283861483908
25%,0.0,73045.76539660686,149004.3390801042,5481.627656417918
50%,0.0,86360.4694130586,181716.27940420865,7281.090652450717
75%,0.0,101427.7708912899,219465.33307083178,9456.09522110312
max,35407.549185672135,614307.6590435021,449031.46387004666,44097.33082467021
count,0.0,0.0,0.0,0.0
mean,,,,
std,,,,
min,,,,
25%,,,,
50%,,,,
75%,,,,
max,,,,
count,1000.0,1000.0,1000.0,1000.0
mean,83394.93255747257,252813.4134989866,151137.8715977541,7377.213027519264
std,49568.76575084671,55605.27264731667,50016.20895785136,3327.9498383853806
min,5358.72317546414,140860.18863596348,3342.174155465961,2133.992925814442
25%,44027.753726911935,212299.86754241356,115845.21258944321,5132.591831942761
50%,75865.67057281855,248731.71104443417,151169.7407558047,6709.7281629980735
75%,111753.13552302538,287724.94127119053,183861.40886036443,8781.050156261706
max,330125.79755130236,461465.96611357044,328287.0295941187,32201.768632329116
count,1000.0,1000.0,1000.0,1000.0
mean,13.174181290131605,82209.87821778898,93648.98763802071,5906.440511462543
std,170.05288808606042,19994.33276653127,49676.50212771446,2805.2355316346298
min,0.0,31397.57127888221,0.0,1315.9917023616367
25%,0.0,68441.48034366472,57189.430917951075,4113.815564820909
50%,0.0,79866.80557609152,89697.81639972763,5369.909910993096
75%,0.0,94725.48640861062,126120.8675238098,7045.711100092671
max,4096.14259587024,189033.28331286553,247769.72553658113,28827.02669323334
count,1000.0,1000.0,1000.0,1000.0
mean,40.03843516731807,51338.35149412741,113531.87252471827,7802.391140444659
std,375.4382146744147,16706.095086448404,49125.35318898009,3601.9475403758875
min,0.0,15966.81787177741,0.0,2642.4715942739367
25%,0.0,41012.46815001645,77402.41342178066,5413.65804442708
50%,0.0,48689.23513883822,110697.82150084942,7098.487879535793
75%,0.0,58938.271126745996,145661.84584084706,9201.004031010589
max,6783.498598351444,273619.21843180596,307089.45666457195,35294.72699265761
count,1000.0,1000.0,1000.0,1000.0
mean,32920.860395150594,236718.49930251276,278080.8331367923,7683.339900097618
std,54387.309732253845,61018.26963334074,59897.1440082063,3468.8670200097326
min,266.6508308201916,99030.9190956082,111046.61748953816,2472.9632150228563
25%,10016.236364608254,194805.78249190457,234476.42451343557,5419.455510348631
50%,19824.72927260559,226020.98690890148,274032.71661169716,6997.856496125705
75%,41105.21609261096,269241.178803317,314308.948228011,9198.552166308547
max,1350013.9921753681,604070.5272236377,504398.66414185887,44498.366848196325
count,1000.0,1000.0,1000.0,1000.0
mean,7349.298841681594,180180.66536392903,165763.38726179572,5975.714317612858
std,12345.539901393135,45789.822793930936,50105.35253478495,2901.4177061675286
min,0.0,78203.93800113995,28937.120764695614,1268.4010147818772
25%,1356.3111382384575,149358.3326350929,131089.67573055255,4063.428525656107
50%,3733.3900934821995,174278.3630375617,165337.4122621155,5298.9862980396765
75%,7536.989982495996,205379.57741780288,197697.43023446453,7281.5151473296155
max,161550.60560864865,595766.6266745894,413823.72539680876,38396.360341319596
count,1000.0,1000.0,1000.0,1000.0
mean,1441.4415161487498,134305.03127432088,163102.7567413732,5124.45673304279
std,5768.606146321474,31633.456109645118,49782.02033981032,2466.38455166857
min,0.0,65081.780259011786,22776.62542288976,999.662900348989
25%,0.0,111523.41072327406,128957.83432142535,3448.8827520715076
50%,0.0,130915.10067359629,160038.13848253636,4580.005438553226
75%,1390.3385796458206,154060.707824152,192836.5299188141,6206.489375339002
max,137139.71317079564,277875.53770900564,456151.62015282584,21350.178236642703
count,0.0,0.0,0.0,0.0
mean,,,,
std,,,,
min,,,,
25%,,,,
50%,,,,
75%,,,,
max,,,,
count,1000.0,1000.0,1000.0,1000.0
mean,410.9418518012594,116611.44669480398,159031.35079906363,7856.949008135529
std,2299.717949437829,26718.86867882259,51446.655607378925,3764.518103286381
min,0.0,52987.01733649682,6462.4799818264855,2494.907632597527
25%,0.0,98637.3365939954,121774.7532069576,5379.895055722099
50%,0.0,113202.63835158781,155756.79742396556,7007.610293164952
75%,0.0,131394.89263354725,192504.83784929552,9397.115177040687
max,41317.13150343544,265684.42627821246,450550.21137786325,46644.050222875645
count,782.0,782.0,782.0,782.0
mean,921447.1225863829,692784.1717225371,499201.48700900684,6841.988303788138
std,181161.07849580556,76538.99852738818,98745.03340710989,3271.0701070228843
min,524339.1695990474,480291.5268715991,269153.3384738555,1789.3975760526585
25%,815306.7987118651,642489.044529829,428414.05277248967,4647.839310980916
50%,904158.167425906,688644.1110775478,493463.19513541576,6138.27580751389
75%,1008685.5390355506,736132.7058178205,556402.6279206072,8216.984357780195
max,3439838.836122915,1103881.0512191397,979818.6265403973,28385.92045933503
count,983.0,983.0,983.0,983.0
mean,329202.39393976936,694944.4587764906,579732.5143425365,7691.859403693562
std,148688.3560328593,83797.16028829971,125285.80733474443,3446.5262359444496
min,69043.31077669631,483280.1733462926,285157.5432147939,2448.0320698335377
25%,242335.14578886973,637825.3691855151,495980.3645945168,5310.417780730801
50%,308443.96688319603,690647.2230248139,561928.7761430142,7067.749708147238
75%,390094.0394471264,747379.7705824648,645692.8442287757,9215.740171289712
max,2375778.6338529517,1040668.2105193011,1345358.4576847737,32812.7560522726
count,1000.0,1000.0,1000.0,1000.0
mean,178.24846223722355,115155.3434928263,107005.13747504854,6298.422735891769
std,857.6645851671723,24537.75040205846,50970.97607697512,3006.054221361105
min,0.0,61248.76827807025,0.0,1498.5586002900754
25%,0.0,98423.24571456328,72301.05698089792,4333.584156425543
50%,0.0,112213.75293336135,102904.22842974693,5676.686890815689
75%,0.0,129233.12019001343,141328.7664496023,7538.802764433952
max,13867.743516345257,224303.98497006937,301103.0775748311,26880.331570647406
count,0.0,0.0,0.0,0.0
mean,,,,
std,,,,
min,,,,
25%,,,,
50%,,,,
75%,,,,
max,,,,
count,1000.0,1000.0,1000.0,1000.0
mean,5093.0375598684,169635.37919475388,140479.35497560937,7678.370606111527
std,9731.20676318576,42235.286305688176,48549.71679728497,3344.8998558594353
min,0.0,82855.29966743293,15093.09662785857,1910.4174698001086
25%,0.0,141790.49072020705,105647.88783000791,5394.056089955409
50%,2295.55891908432,163430.11406137623,139487.67693535483,7025.559639396554
75%,4968.641070505482,192331.21757801308,171276.97670918194,9019.83962700011
max,98599.08348595514,510800.240265567,321224.4321572825,29653.89977743759
count,1000.0,1000.0,1000.0,1000.0
mean,1190.396142469619,95561.10863526595,174177.59523151017,7179.2299381687935
std,6136.946362871591,28720.01546169953,50958.52345506641,3364.8331762432063
min,0.0,40086.77071638134,36105.03335518002,2114.1959262638416
25%,0.0,78274.9809301727,137062.897897853,4895.7310684173135
50%,0.0,91970.33119587309,172172.22514006682,6530.064946743887
75%,391.0058478906018,108155.44511508636,206190.3752569242,8480.285345856737
max,137174.28171827097,477122.7438708361,463943.23072180786,37352.267842713314
count,2.0,2.0,2.0,2.0
mean,2129364.76434795,824179.4918088084,704725.2797108665,6665.736040467345
std,1300.7161105423436,12007.169984594777,60491.234360866925,1350.2011823903827
min,2128445.019165787,815689.1404898419,661951.5176919528,5710.999628433012
25%,2128904.8917568685,819934.3161493252,683338.3987014096,6188.367834450179
50%,2129364.76434795,824179.4918088084,704725.2797108665,6665.736040467345
75%,2129824.6369390315,828424.6674682917,726112.1607203233,7143.104246484513
max,2130284.509530113,832669.843127775,747499.0417297801,7620.47245250168
count,0.0,0.0,0.0,0.0
mean,,,,
std,,,,
min,,,,
25%,,,,
50%,,,,
75%,,,,
max,,,,
count,0.0,0.0,0.0,0.0
mean,,,,
std,,,,
min,,,,
25%,,,,
50%,,,,
75%,,,,
max,,,,
count,1000.0,1000.0,1000.0,1000.0
mean,285.5628762916209,122424.52007973268,176196.30265001155,5367.263336936854
std,1261.6578207277735,27878.67958464684,53348.30426466784,2534.98338401212
min,0.0,58481.88844215976,34806.395857809046,1413.068929882935
25%,0.0,102280.5835979292,140498.557762149,3571.3026226095544
50%,0.0,119640.44684913545,176885.0347835126,4799.695958759878
75%,0.0,139168.44687042118,210437.72305733655,6653.954077366059
max,22031.57091512165,260020.68786656953,427524.5522981343,19042.461556889146
count,1000.0,1000.0,1000.0,1000.0
mean,71353.48230895611,255977.70833994806,183331.41453414588,7852.167764103097
std,45562.06693371358,60676.90343628435,51783.04934655335,3346.6369591046237
min,3410.5371404215157,118866.10266295093,66383.7627131406,1656.2243603121515
25%,36184.092514673364,212404.0724293922,147229.91777792055,5397.556732932436
50%,63672.28778511025,248970.7176351942,182065.09535020532,7237.018889869392
75%,97195.40689521875,291529.8436725176,215387.66290488606,9703.645833867415
max,295021.1738588569,576751.3555495446,381280.0985188072,28939.7168795579
count,997.0,997.0,997.0,997.0
mean,212482.6284953782,343773.59016609396,302344.45968995034,5915.536936958592
std,114541.27714682538,74758.84334993499,63975.34361924334,2912.772520489303
min,37591.38897909927,165798.99590169344,138457.1523762789,1592.567684723309
25%,147545.71474681346,296135.1138098647,255845.40790288805,4012.219913535467
50%,197593.04129429744,335379.4978161331,297919.90847043623,5308.310973740345
75%,261027.55723571713,385096.372592205,341872.6041822565,7225.990844709846
max,2398941.5147724394,974178.4263996488,569367.1077568915,37796.6355494657
count,1000.0,1000.0,1000.0,1000.0
mean,126.1919685901235,105635.7869254309,135860.42965608713,7427.2849314007235
std,777.1980221920027,26221.91533985052,49805.3743922393,3400.0967188166205
min,0.0,50862.884427788595,2123.582755435963,2302.0085393754644
25%,0.0,88646.36834368104,99346.5441057315,5135.684530881149
50%,0.0,102281.62166080093,133186.3131974471,6815.421839764231
75%,0.0,119349.78052552315,169726.98008516486,8882.60971812049
max,13864.31739195492,398770.96701357944,316919.2538184133,43843.504151245674
count,1000.0,1000.0,1000.0,1000.0
mean,20640.11615754029,214014.84161867623,191482.5831747606,8017.170518232202
std,22426.993771552938,55069.46505508162,54208.94723719242,3534.9908378849987
min,0.0,110719.22468147491,25339.76039153876,2024.60704388954
25%,6600.132813906204,175811.7478589525,154402.15329496603,5567.549926214618
50%,12184.33612192616,204713.75621536726,189476.07321888953,7347.247551015784
75%,27219.884700009632,243499.42399302448,224638.00540823358,9566.254266329262
max,274669.18083996564,506912.13710393274,431393.5995846233,33804.131985317974
count,1000.0,1000.0,1000.0,1000.0
mean,8215.602891358765,185009.19907770437,218875.94377046882,7752.7477904891
std,13073.504403161196,45658.62562203599,51376.97224594586,3439.8273472250153
min,0.0,88595.16648451047,64028.89081474713,2296.2841953207326
25%,1647.6666725202203,153438.4218281298,184056.45913525939,5380.488759535193
50%,4010.9392558096242,179105.49674000643,217826.7798131286,7066.013224398068
75%,8356.10081839313,210418.0499080362,252084.0187222649,9329.315011128581
max,135600.20268692775,417021.0346281134,421642.2594858876,40283.90682993986
count,1000.0,1000.0,1000.0,1000.0
mean,14085.30444920554,177757.2055433571,209541.32306486665,7464.372787181861
std,21654.082626181356,43461.42542423907,53838.237492055436,3375.2424073092516
min,0.0,84020.65863227425,24828.623486024015,2174.9214172972547
25%,3434.6475134526,148818.60164670533,174167.3818028381,5148.364288028479
50%,7569.026555283708,172604.10040596794,206864.29759765335,6756.828021572122
75%,15328.584892254112,202443.9641673124,245465.23660034564,9045.902790640754
max,253646.16257956284,415625.17072645953,407353.16937823617,31584.39442318722
count,1000.0,1000.0,1000.0,1000.0
mean,2498.468418264297,142975.07966702478,169435.6910671688,7823.316825668426
std,6402.032140461218,35049.1575325876,48656.13891963407,3484.446784392327
min,0.0,76284.21505083042,40373.394568256466,2329.1462607693143
25%,0.0,116034.9309576557,135932.23605518526,5461.373580550031
50%,446.73641231500415,138757.07304053835,167671.15252023915,7125.680963891198
75%,2404.5920096851205,162343.82182802312,197997.08725196176,9490.399989198277
max,84331.46014024137,319682.77267646015,365093.87075508694,33855.9355866338
count,1000.0,1000.0,1000.0,1000.0
mean,724.016035302639,59354.60252449279,207258.68797444386,7288.290737448832
std,2967.9897834669487,22322.67952162367,50447.34707247262,3569.4669747479097
min,0.0,21407.27482613472,56316.80924490583,1834.7003301405327
25%,0.0,47050.021004127906,172485.73600050237,4948.181876195318
50%,0.0,55434.96710094171,208291.75588533573,6560.1223764175775
75%,0.0,66788.72419744972,237659.1237960834,8650.053423542087
max,41625.28770821124,442050.9330349749,413636.9657731781,36860.305104499006
count,1000.0,1000.0,1000.0,1000.0
mean,18722.860100083755,207383.61909546913,241370.35576448537,7419.614126187138
std,26138.193587721133,54165.07860422478,53497.874290909254,3413.8989475941157
min,0.0,95215.14472578514,105099.48681113719,2068.3275901241736
25%,5116.841593604096,171477.00970470178,202430.67195409944,5210.335841990298
50%,10348.003617234996,198741.5442905209,239214.77370929066,6732.306265387189
75%,22018.43602520711,234873.96702934627,275575.78351808543,8698.305871203676
max,370696.4467302805,597301.2256731517,450189.03440015065,30539.427156337097
count,1000.0,1000.0,1000.0,1000.0
mean,11084.692424911558,193157.99048260326,212643.56561191226,7924.58174011503
std,19475.183738280062,48755.44826993759,54501.467549321635,3562.093465896211
min,0.0,97178.0575902693,44363.82181138335,2137.4982458525224
25%,2513.1400656175647,158234.07777824518,173915.83691228525,5561.898056547316
50%,5593.987597821511,185379.74307211902,210979.00520987084,7122.414200583316
75%,11793.588539775097,219751.8887059794,246761.77219926438,9435.257121715042
max,351976.71690592164,470374.5708744209,442524.50916967256,33062.43024439017
count,1000.0,1000.0,1000.0,1000.0
mean,5289.8358196103345,174010.2781738773,153812.51760229998,6760.76786720551
std,9964.089282853562,41692.350019337755,49574.16628611277,2988.9333694215397
min,0.0,83982.92332762237,5526.429744687006,1928.5608232420116
25%,0.0,146217.983731134,120024.39090016171,4664.930200021026
50%,2356.6035096385394,168363.20062616622,153464.0586668412,6134.335509065349
75%,5249.266776738495,197248.39792359,188182.26559208555,8108.012506316741
max,86916.368376339,369879.79717226117,385520.5985691647,28692.7953780471
count,1000.0,1000.0,1000.0,1000.0
mean,7243.850981856907,176882.59167410593,137869.9958517593,7333.306402800979
std,12109.054679001587,44176.05135396567,51512.586938282184,3637.157298772291
min,0.0,81142.87043759692,3444.2249518898825,2039.394074623535
25%,1451.821251658525,146911.19268289773,100539.5594716816,5026.479730096259
50%,3593.707340578092,171807.0038639109,135018.8112927029,6508.604814431457
75%,7266.768691276221,200833.3929695274,173319.12405281822,8726.972744996328
max,133368.81258661454,544033.166722906,300605.49759099836,51522.40476252041
count,973.0,973.0,973.0,973.0
mean,391194.48087477294,378075.1666969294,285171.1916226912,6769.187332689738
std,104141.39912669554,75478.53698912296,60085.60227093818,3085.7287404727986
min,136780.83351156145,207094.4580837915,126681.37008297628,1886.586761139118
25%,322974.7130958945,330839.1912524808,243403.67687837177,4638.658177903985
50%,380887.983723625,374230.54485314374,279748.2629573986,6011.702172608307
75%,451138.8735592187,417001.88757488766,326237.56633806264,8173.48142786639
max,1391857.3996991108,1494341.3362776118,499154.1060208613,30344.174114331865
count,0.0,0.0,0.0,0.0
mean,,,,
std,,,,
min,,,,
25%,,,,
50%,,,,
75%,,,,
max,,,,
count,1000.0,1000.0,1000.0,1000.0
mean,1676.1521098888445,147336.83213741344,144701.90505467658,7201.932616622653
std,4403.506015097373,39717.50429529227,51259.68298568582,3196.6219848980118
min,0.0,71203.28630720844,3344.5433988759582,2137.2122723193165
25%,0.0,121443.21264483557,109207.73142063845,5057.985296265311
50%,0.0,142158.22560912964,143950.86589112796,6584.891851076873
75%,1813.0391324010307,165682.82060813074,177611.30577623114,8475.014972642786
max,56187.62809394995,706231.1428887355,307449.5625981697,28042.914325464717
count,1000.0,1000.0,1000.0,1000.0
mean,2124.6893689927683,123373.32521623262,207449.70500169843,7041.748237713944
std,6536.205139581695,33409.21379627285,53739.34949993409,3278.4063592193634
min,0.0,57579.135155694436,62580.49443940798,2097.0941399913218
25%,0.0,102431.33451207788,170413.28257163437,4867.267288549559
50%,0.0,118080.30622559326,206799.96316176833,6325.264322074739
75%,1609.813590829302,136277.82089354377,240960.7956883862,8458.178245705914
max,71548.65376498498,465694.9436885269,423984.3415886359,33587.56848953574
count,1000.0,1000.0,1000.0,1000.0
mean,133151.59929054245,437387.7144740157,429590.27365297236,7148.427321233341
std,131465.8929869746,73559.41537772842,83161.00298252529,3323.0070479267024
min,13387.362918120398,255103.02245069627,213090.07125406907,1750.2558458824815
25%,75808.48860368843,386290.8175240046,373025.4644475748,4874.7911453158995
50%,116515.18712982646,432156.56391555374,423000.78760831105,6558.1951017023375
75%,166503.5450022022,476204.0709602915,480407.18360046216,8504.598600030125
max,3491853.520518403,842711.1050212269,838975.1650026649,37665.107372681734
count,1000.0,1000.0,1000.0,1000.0
mean,98.82768791454401,73070.00708638612,184940.4690569763,6230.577113068104
std,857.2623406868958,21373.23601074618,53876.1073223539,2887.933890075617
min,0.0,33755.95054550851,35388.46789635488,1565.9478647766834
25%,0.0,59118.48328845807,148313.33945447652,4306.998160125358
50%,0.0,69560.5976600771,182951.47952181607,5619.340397529168
75%,0.0,82233.69957751749,220313.98352637573,7504.026509955762
max,21812.471083876455,273786.2216520139,392847.22114765807,30888.235133454516
count,1000.0,1000.0,1000.0,1000.0
mean,14180.153505192813,198487.53995929024,178185.40826088857,6405.40852954718
std,17651.19849330731,49903.387641100504,51277.36703509777,2960.951022703009
min,0.0,95221.14105751598,51144.25936250172,1780.3691415682038
25%,3910.092748922947,164155.66663432,142229.20126852457,4346.370102711569
50%,7956.585487722039,189996.60524536012,177037.011046007,5774.38995478287
75%,16260.641862132807,224949.8403972686,211533.2758180756,7854.045513513362
max,147202.1392198297,444865.8137533948,414844.4965725493,23988.00272390811
count,1000.0,1000.0,1000.0,1000.0
mean,6068.189335704284,171305.0922462091,165373.9135876357,7645.48188947556
std,12355.028236954471,44191.14889032335,50459.61918606686,3554.571922568354
min,0.0,81049.60448002582,37947.05087086668,2025.2265335492182
25%,0.0,141416.87981179575,129328.80333247532,5268.9227232533685
50%,2450.1947148501913,167196.9819628208,164110.49371644028,6987.272349241026
75%,5805.067724837492,194958.68281004034,197551.97756030227,9234.605485212815
max,168422.26454990852,534316.7161153908,424123.0487776199,51280.91935117905
count,88.0,88.0,88.0,88.0
mean,1793579.2088087918,547754.9250715541,347866.9715051484,6741.143367953617
std,186629.77294749478,49883.44319212449,78036.94776507998,2648.226725782987
min,1364765.8971808383,443967.5924441116,212685.51564439404,2441.1838037021407
25%,1662782.9330387663,508327.5176899903,292661.64713692607,4777.435642587984
50%,1771012.7277787507,553790.1424714599,332802.76459447446,6257.904363636633
75%,1924862.6781272013,580054.5797347947,392817.70867346367,8123.031405353185
max,2283602.0291505777,658023.3565204762,584018.4159148717,18269.221017936543
count,0.0,0.0,0.0,0.0
mean,,,,
std,,,,
min,,,,
25%,,,,
50%,,,,
75%,,,,
max,,,,
count,0.0,0.0,0.0,0.0
mean,,,,
std,,,,
min,,,,
25%,,,,
50%,,,,
75%,,,,
max,,,,
count,1000.0,1000.0,1000.0,1000.0
mean,8990.054183959652,202658.23037348982,193920.3799915386,7769.710728412716
std,13850.867063905873,54948.44544399557,53641.087430153086,3401.041156212766
min,0.0,93600.27141638151,35999.52311944787,2159.887233053625
25%,1922.5324514747842,165617.12056212395,157610.2846279688,5388.204597734647
50%,4563.648587118917,195493.8850031338,193289.3956341982,7075.20377644961
75%,9316.730501630176,229270.6214763726,227795.57733786284,9297.34618618175
max,135154.44345660027,764069.6152330308,392006.28659116983,37643.857307485654
count,0.0,0.0,0.0,0.0
mean,,,,
std,,,,
min,,,,
25%,,,,
50%,,,,
75%,,,,
max,,,,
count,1000.0,1000.0,1000.0,1000.0
mean,338.50818724883254,113908.44224979148,176208.62098008886,6948.204481102559
std,1578.1899715190527,26931.252755042642,53994.19771969781,3223.868881261418
min,0.0,60961.93876108407,32021.16344743305,1977.0051258424005
25%,0.0,94705.75620741205,138536.1376316569,4765.005066850641
50%,0.0,110039.4521866685,174467.32986182687,6309.979169974047
75%,0.0,128739.37847571306,208122.14089993626,8202.356215870443
max,22042.38127012435,226410.88779634365,363186.40038935165,35388.56826319692
count,1000.0,1000.0,1000.0,1000.0
mean,1389.7703367360261,143134.3334318421,173188.10306633127,5423.68988983331
std,3210.011995523957,35648.654315010885,52162.41306884051,2890.2674150104917
min,0.0,74326.4564034256,8973.505309444314,1513.2116410495682
25%,0.0,117073.45689888689,135899.48187900332,3574.5829330197016
50%,0.0,138557.04980674322,171148.8556981259,4774.490822378673
75%,1695.2245241386647,162505.9151995869,204878.94305471622,6537.059848704296
max,38424.03049269412,392087.49796571565,394073.84168950823,39333.75729521181
count,1000.0,1000.0,1000.0,1000.0
mean,23.56110425696755,93620.32003313166,137736.69239051914,6583.855279312756
std,243.68272024590962,36073.74041093434,50179.37254051464,3022.3810690003966
min,0.0,42648.48903787632,4722.133392730814,1610.6508096084108
25%,0.0,78053.60689814162,101126.99161244885,4554.305575990644
50%,0.0,90092.46101464587,136913.08510428754,5926.570437678876
75%,0.0,104731.72436856874,170366.19959274004,8004.2226872034435
max,5130.564617415473,1003357.4606979436,329803.6064746288,35470.903054036906
count,1000.0,1000.0,1000.0,1000.0
mean,30514.037916882462,220278.97162658055,265030.27742969716,7807.189661491907
std,46796.87507403747,56755.136105141915,60233.616024590236,3263.639615695431
min,40.3598042963017,102237.60763150717,106906.6944862087,2321.0141294822956
25%,8141.393221316763,181695.88657662045,223083.30639059434,5405.8026828408
50%,16340.085676688313,211366.1443499968,259554.83463586762,7063.582025987758
75%,35848.41530977773,251120.8730063689,303282.16799485194,9387.779200980289
max,915777.5945688501,610222.09635256,463566.48858595686,22571.105479613863
count,1000.0,1000.0,1000.0,1000.0
mean,1838.0338457215344,128491.08849084505,174688.72596883625,6560.992959389527
std,6841.424376113465,31115.978824521124,50559.35551412951,3199.2307211218736
min,0.0,61904.22380510904,35701.441477267,1823.8797183787035
25%,0.0,106711.92865880168,138367.8633152871,4376.4519250330995
50%,0.0,123677.893824079,173005.36668540363,5743.498509033225
75%,1547.066810439547,145061.7870036701,207050.02273223276,7839.91734590451
max,120441.4337090892,323962.7946907696,390750.2929914124,23553.878610340875
count,1000.0,1000.0,1000.0,1000.0
mean,2229.099415236708,81567.7903995488,188998.28852855854,7981.129693104909
std,5885.982183470296,24860.258217134146,53371.43952237841,3555.7955315482945
min,0.0,38922.09617299181,48940.43946858752,2440.352392784398
25%,0.0,66293.56114239697,152279.75163712978,5541.426237717253
50%,211.91273522050082,77679.88869742412,186975.07694073475,7302.3496304414975
75%,1709.2486828443293,92090.41103122567,220996.88664334055,9471.935127990693
max,89580.02213697124,341798.42461629806,426535.7402951666,34768.395261047
count,0.0,0.0,0.0,0.0
mean,,,,
std,,,,
min,,,,
25%,,,,
50%,,,,
75%,,,,
max,,,,
count,1000.0,1000.0,1000.0,1000.0
mean,2453.5879429222987,153101.65931315703,193144.28405241782,7840.985561350355
std,6312.16602375561,45090.387195060524,53109.45007807145,3423.3648151138186
min,0.0,77088.4012021543,38812.60815869181,2214.641850093849
25%,0.0,126334.11224000521,157469.82474715615,5352.52661276646
50%,414.0280295695188,148199.45479217454,190418.6155274721,7206.870574332454
75%,2732.4577250216657,171988.66171045002,228693.88438915688,9486.410799009263
max,110763.95940590983,971571.7718558667,415617.04602768435,27665.053582501194
count,1000.0,1000.0,1000.0,1000.0
mean,399.03015933415594,49900.129821366725,196932.91390494377,6731.772021317366
std,1900.299357522481,25899.403279109956,53025.01952416033,3141.3337061541974
min,0.0,16025.428392779668,52561.692882845105,2033.5099860159194
25%,0.0,36880.144879953834,159471.44090728462,4639.988611428063
50%,0.0,44644.10566919594,194565.01244791664,6134.063676358195
75%,0.0,55779.83993220348,232072.0805377806,8120.868917620761
max,25231.001776541874,378381.0183553229,410616.8534949455,41093.27398630854
count,0.0,0.0,0.0,0.0
mean,,,,
std,,,,
min,,,,
25%,,,,
50%,,,,
75%,,,,
max,,,,
count,953.0,953.0,953.0,953.0
mean,516068.64762966626,621659.0520106981,491492.20587342407,8118.326193306388
std,137390.59728753622,78120.66901302735,100164.19968942857,3646.245323457032
min,210446.49767944592,394419.71349379816,248008.5146633969,1980.8675073067916
25%,435573.7675195349,572909.8364867739,423930.3751814777,5706.161704683175
50%,500114.8481509329,619749.691092876,483290.24107954395,7315.230567217359
75%,583124.9714040074,665421.537204191,542735.6550060643,9649.81382045861
max,2588864.1852676542,1046959.1910520705,1047977.745997986,35143.10290724894
count,1000.0,1000.0,1000.0,1000.0
mean,30132.2988112918,241933.57687468818,245147.3146767956,6518.245186742582
std,29750.20081651708,64445.0655843793,56249.08826723941,2910.622629321753
min,0.0,117654.83050430044,88449.60611387902,1439.9344670025594
25%,10863.212174090348,198527.26380473495,205636.31893239045,4487.790306478205
50%,19975.463132622128,232528.56769729732,242135.02462181708,5940.987363197864
75%,40148.568898623635,276070.73670201015,281169.670324484,7897.337216821663
max,325212.2485911,841391.5521474777,411106.3338323515,25088.54245039986
count,913.0,913.0,913.0,913.0
mean,671315.655048473,439281.33979430055,286036.07701753266,7541.829867625449
std,141433.69162425128,65040.60150844517,62999.707247193495,3429.7924445892795
min,294294.4239417204,271037.43414222804,112340.7374374404,1861.4391761460945
25%,576339.0273309908,397533.2800666926,243622.7657392415,5269.743242312722
50%,666922.12980486,436408.9984635668,281109.19258582,6781.905790163413
75%,747653.6540381719,478798.4718076715,321794.87346918415,9085.637621393858
max,2485774.716191543,816967.7974891681,534353.40459476,32794.022485629815
count,1000.0,1000.0,1000.0,1000.0
mean,1574.2613190297511,121419.32518996228,216417.05550249768,8054.103355551382
std,5974.481125155339,31163.601687171482,51161.52310293457,3423.699956120557
min,0.0,65016.30481365258,92593.97289522218,2182.261395213377
25%,0.0,99594.22389051889,180364.1220059329,5714.635728253931
50%,0.0,116693.2551517936,214493.61413001252,7351.785293342155
75%,810.4790448071018,137384.95527155529,249056.78566658334,9414.649789303745
max,80027.55759469274,297341.09658783127,414155.4820121056,30211.61433976143
count,1000.0,1000.0,1000.0,1000.0
mean,12263.083832288408,197625.64385151427,219132.78938995287,8036.787261670678
std,17580.955101770887,49164.94523755913,52333.07056323229,3641.9987852485087
min,0.0,97803.55601693726,65442.976474691495,2444.1851335965275
25%,3262.7051623796688,163746.4862327723,183602.56417288617,5554.2738219512385
50%,6965.984176852598,190512.5253235353,217159.02415480962,7290.358765655614
75%,13540.041888634514,223896.73908386883,252918.0927689573,9576.812462081516
max,246207.95483813164,446199.5091126508,438332.57845724036,35590.20033891046
count,8.0,8.0,8.0,8.0
mean,1980598.6264422946,546811.6295044654,398452.5518936168,8758.664394626032
std,184746.41064127052,43401.181471033524,54874.372181959625,2343.933584617877
min,1574454.191880705,462895.4989937963,284812.9678005129,5839.508283829304
25%,1948766.7671296834,524535.5737559276,388716.15224120393,7594.163024282969
50%,2024936.272032579,558499.9966952677,408133.3007337932,8835.334431770101
75%,2073747.059471706,582052.801311119,428150.456667601,9312.613093739292
max,2189966.071898494,586985.869338542,468408.3306248776,13527.0525689416
count,1000.0,1000.0,1000.0,1000.0
mean,36763.8850194259,227554.53869547808,293275.1719669346,6207.581394734673
std,56280.79545419923,58550.90720811924,60806.110693695795,2967.0546823218247
min,111.59954070073866,121206.63575442685,131480.29129544407,1518.3235919175513
25%,10126.533604339076,189424.49562753114,248556.040120644,4282.430507811514
50%,19917.51209902764,217975.7388477389,288002.5749008787,5594.1735929961105
75%,44368.87931359006,256196.8117507536,332693.7994171368,7433.215295669745
max,1126479.1373986613,806281.4120466794,564199.3091815143,31709.504924207136
count,1000.0,1000.0,1000.0,1000.0
mean,9091.55223463341,184196.89038247525,175503.3108815992,7362.656626601322
std,12993.70366771163,45198.311367343464,52937.70086915943,3316.1940587253907
min,0.0,85030.82035530689,31798.16538713011,1803.2846578700642
25%,1919.7326695350762,152170.12793685758,138790.99196841454,5126.791921659549
50%,4762.455772644025,178908.0544209369,173872.19643830866,6545.386030418828
75%,9706.841561688765,207698.5769439025,208276.480316708,8878.126126012692
max,98602.86486425769,446252.7047279843,375546.11478197004,27994.321232622744
count,1000.0,1000.0,1000.0,1000.0
mean,628.1055922443609,132141.76741064095,151111.55069309296,6709.1843927833215
std,2330.7342120843746,31119.335232109694,51646.00459751794,3122.8281896644025
min,0.0,71269.46685465274,16566.576456272636,1495.4401592312747
25%,0.0,108428.81764402924,114665.89303591769,4672.619152806558
50%,0.0,128464.80482790398,149769.06656223064,5992.451840062251
75%,0.0,150607.17014887708,185712.45499561276,8041.568574443534
max,31445.30212333774,263622.19365800126,356774.6789037199,26839.05596208119
count,1000.0,1000.0,1000.0,1000.0
mean,2221.225424649949,138798.2296321482,217100.0790986916,8087.834250404219
std,7928.541388796546,34933.33869669457,51580.36838521807,3475.1486318681727
min,0.0,61228.01031432655,57459.90573555094,2388.124161096367
25%,0.0,114127.94620380562,180187.0483897925,5680.668260757433
50%,67.79462589008827,134238.17577629953,214789.52673844917,7282.2587965515995
75%,1889.8312974968514,158453.13716241764,249723.52269229395,9667.904940927514
max,137322.00569209323,314395.3698482818,397403.43664657284,29757.040855079606
count,1000.0,1000.0,1000.0,1000.0
mean,23288.762655820497,208802.0047302329,172011.27819154673,7852.30204879212
std,23357.528633189184,54119.95561886415,52244.64968903055,3461.6997497504317
min,0.0,89274.4610388735,32823.09040803883,2152.5792399783863
25%,6610.567790004843,168406.85738365076,135064.87540245388,5364.144664426692
50%,14232.141266671832,200639.32199708745,171149.00273360795,7100.836618195268
75%,32244.666660905656,238738.72243782267,208349.94048392726,9452.44498911149
max,160123.64112455328,476318.2986988768,367259.8796483888,31959.824942707448
count,1000.0,1000.0,1000.0,1000.0
mean,15772.691935222123,84271.18421036893,242898.3712664188,8050.495208441146
std,28289.956982369014,31093.518514945084,52540.071346882505,3447.3247580776783
min,0.0,35824.92236419362,98273.4039354874,2339.8585781354964
25%,2380.567885449588,66383.07039617198,205753.8410287069,5700.321490605573
50%,6442.495712064074,78404.18746996621,240573.5588244173,7406.592081471006
75%,16586.12992707956,94592.74796138387,277490.5747459947,9434.584321866734
max,367828.5808137886,451518.5878154522,420116.8938135214,31816.573515978434
count,743.0,743.0,743.0,743.0
mean,1194421.457199363,885258.2148750621,637431.3360285592,7782.281880514448
std,238480.96148989187,91731.76694569139,136150.81160708482,3329.0800220150054
min,686272.4422569725,662174.9313576664,338973.179146283,2071.8387063048203
25%,1056816.6980434416,825216.153387211,546770.4185038023,5421.918953386517
50%,1172085.5381540162,881086.2414043252,614827.0135772256,7135.916912418723
75%,1298053.1535277818,938015.8307188316,706654.9714246527,9385.27481994245
max,4682500.738195022,1798474.2202929528,1213145.181336532,29894.801423241955
count,1000.0,1000.0,1000.0,1000.0
mean,6563.456769946605,169533.37927681045,224135.65363389355,7995.061921834217
std,14287.82916254545,58399.330497776435,52541.213362732145,3501.96866768232
min,0.0,75718.33717551417,53294.3469744603,2305.610079878551
25%,689.6535400999687,138857.32236125218,188214.30546792177,5645.0481942150545
50%,2725.8534493940974,163439.5877584621,222035.03427922388,7283.018662149174
75%,6498.379359762343,189089.5509172636,257454.9939738192,9520.323262787522
max,248578.96731273498,1045283.4020107831,402011.33226638247,34405.92139445746
count,1000.0,1000.0,1000.0,1000.0
mean,11.484272962858581,73439.90946083516,107623.52052446234,6673.28934658832
std,160.41441400554348,17684.101816176644,49768.676937614706,2930.1844826590323
min,0.0,27913.699853353144,0.0,1567.6288090163691
25%,0.0,61212.21434605034,73530.0916761737,4567.500139716602
50%,0.0,70897.01376766348,104733.13766040653,6116.302574442472
75%,0.0,84033.2699224597,141021.0405914918,7971.236393880776
max,4018.9892256827475,170073.45972120375,259514.16349043848,21836.82059091011
count,1000.0,1000.0,1000.0,1000.0
mean,8317.876876839322,176745.08592715557,195319.68356990698,7921.929711229518
std,16144.637422672704,44632.12604279723,53596.54854852347,3421.774242427232
min,0.0,84281.14505878548,21760.1476695654,2557.683131155067
25%,1390.8815182648202,145563.35645779234,159403.417817714,5608.737537084143
50%,3977.432496493425,170259.1907033112,192054.54458792458,7307.9437463969525
75%,8630.756595725312,200411.63609599601,230138.45880072124,9380.55015961703
max,311387.151614439,433652.8439701028,373443.32810150017,29483.721299518176
count,990.0,990.0,990.0,990.0
mean,252460.9036074661,320098.0560650467,239508.34987251097,7117.680868580236
std,86394.78389915978,67668.47628213934,55303.364924307796,3333.298050586551
min,38797.26980741918,170549.51138212383,92081.58106060616,2129.2807054262025
25%,190710.6761167203,273897.83313455764,203593.73472081812,4783.488806375485
50%,245461.36856115353,315688.6734162811,235522.33738998056,6451.318661943544
75%,302698.15376378765,360658.50494325825,278555.3943158763,8713.476403155433
max,721442.8596459369,681522.9640326985,421914.2240740674,28128.582238475243
count,1000.0,1000.0,1000.0,1000.0
mean,2484.1791323587595,145267.6983579754,166678.8082826518,6927.632322332801
std,7066.674576461111,41766.876634273096,48811.04786209516,3211.2284919889603
min,0.0,77605.65657572576,41664.32395221153,1649.951485463116
25%,0.0,120147.26022113493,131328.33347082764,4706.817579698638
50%,401.29888233828365,140223.63603015197,163515.40973677178,6224.123734951992
75%,2419.6765099883633,163444.56761104398,199715.94781391168,8416.226237787367
max,118136.4820889394,853154.4612496982,422124.01726234285,30339.49796855993
count,1000.0,1000.0,1000.0,1000.0
mean,24633.478681874603,221616.58931042987,206571.18421054207,7730.528850159187
std,23960.605882533993,56409.49426705859,52917.76193442266,3427.2082716113405
min,0.0,94367.21144793165,34194.67776282146,2250.5301292206036
25%,8464.954536280147,178953.1006266529,170480.17582618303,5443.854076935973
50%,15515.723554171896,215089.9835558543,203486.80663239816,7042.005263260827
75%,33301.502431384906,253648.0061102215,243145.85866099555,9251.861871110903
max,216681.22734652925,488607.4545212161,397197.66614743904,32420.47020781785
count,1000.0,1000.0,1000.0,1000.0
mean,64.3545490171855,99161.48185436918,134044.17444456954,7776.730330434658
std,590.3785014976442,24523.749853144687,53498.79319290058,3402.6019029769736
min,0.0,38930.75924345365,3385.8791046776078,2418.1385705018097
25%,0.0,82581.2917688494,99001.98356612233,5483.987476066943
50%,0.0,96546.899735452,132302.46713763132,7079.761635281755
75%,0.0,112334.13162072697,168221.05411647842,9388.362068248065
max,13874.097753723654,270182.92856298294,358646.2664966842,38127.22175245604
count,930.0,930.0,930.0,930.0
mean,591295.9596441097,467060.8711997003,354639.69956755626,7466.712548911972
std,141884.1212303825,69284.38870711491,70080.28846625805,3404.7151492767084
min,274214.6884638981,284970.59758569894,174179.76838641812,1861.4391761460945
25%,501360.04775131354,420866.57812592824,307865.0403770192,5177.047752376693
50%,577372.3982661527,462764.832952932,350544.24238785077,6666.500716200018
75%,663712.1560988354,504181.89409673936,399656.83319899545,9014.792888487656
max,2620994.5303648976,872597.2162582449,613268.9696182356,32786.14277513046
count,0.0,0.0,0.0,0.0
mean,,,,
std,,,,
min,,,,
25%,,,,
50%,,,,
75%,,,,
max,,,,
count,1000.0,1000.0,1000.0,1000.0
mean,7.80989460585156,54116.19830810256,121879.80085003791,5389.262918576333
std,148.4356254066231,14803.934622818782,51036.783873755616,2769.5769757449584
min,0.0,20199.43062127128,687.846083913744,1078.080489913172
25%,0.0,44456.03385663259,86684.50823142429,3637.01885067327
50%,0.0,52868.855961567126,117455.65774639978,4759.092141294945
75%,0.0,61630.983231905964,156409.79013192243,6448.128907837216
max,4407.885279634718,234819.12797134698,451038.957082632,33684.237596996936
count,1000.0,1000.0,1000.0,1000.0
mean,1594.572022500735,140299.17282570928,136887.89356540603,7683.61161320262
std,4508.209757473984,34594.79478088798,50307.4637360703,3454.2257125281717
min,0.0,68984.32618295761,3180.1703731316093,2188.620381010326
25%,0.0,114768.32820652067,101875.63928006943,5243.982090816643
50%,0.0,135211.46997583262,136357.302801174,7057.970104233849
75%,1897.4219937837922,160992.87532324257,168395.5454071438,9287.583912735558
max,80180.06244549717,307630.5945968117,307379.2468550732,33350.81976251846
count,1000.0,1000.0,1000.0,1000.0
mean,411.58311556340686,116219.6176272315,56941.116736435964,6901.73489650175
std,1646.10125588285,26942.581654464706,43363.38216558468,3210.6281392139026
min,0.0,61436.365310085166,0.0,2023.597289102951
25%,0.0,96775.54738782278,26481.97111221538,4790.484462429476
50%,0.0,112704.72707317647,53324.025096713216,6285.021717563612
75%,0.0,130790.28982690623,83543.59262284427,8248.18500334548
max,28876.12538424568,231705.06443887256,249857.28822573,41093.27398630854
count,1000.0,1000.0,1000.0,1000.0
mean,8.06797108637893,54621.36354910015,138017.22291424221,7883.624492423037
std,156.1127142639142,20726.760364444053,53154.39126276851,3664.394178214618
min,0.0,21551.981011234413,3807.0758967613074,2292.3392329623944
25%,0.0,44204.04325987738,99596.55308862939,5498.774597725779
50%,0.0,52669.050287506165,135658.06903791515,7250.680135009505
75%,0.0,61022.32877902862,173789.31371255103,9375.683985828615
max,4665.688324151337,523922.37393411266,342696.9091443273,52989.897940335606
count,1000.0,1000.0,1000.0,1000.0
mean,5663.003243366592,168298.29709445487,201293.21774232437,7795.977466607441
std,11925.274226150781,40878.80121422285,53665.63236487353,3277.3405509893923
min,0.0,84543.98613973298,55113.17666264713,2126.7936078605653
25%,0.0,138840.6948125403,165419.6321275627,5424.246977668944
50%,2321.3511846843744,164507.35455709533,202873.06418018707,7153.4427025628665
75%,5597.961517634464,192250.6095062982,234078.6438643015,9388.641951335732
max,168281.1796594567,405292.4484702124,478065.3883507394,30742.072230445363
count,1000.0,1000.0,1000.0,1000.0
mean,109336.55475168394,369118.73660498054,370687.97057515645,7252.3093022535195
std,102132.90943199265,75672.81361987942,72115.73276408484,3221.569924014223
min,7079.904802271405,191681.5805843491,187304.36669133606,1928.8531991007849
25%,54131.026627101215,318384.36518425285,321023.2858022811,4997.290775062692
50%,87285.33801674606,360002.4091457686,365228.02076607355,6691.136620061659
75%,135722.9276376741,412928.86367083277,414433.1601438625,8679.405212804522
max,1933169.626694079,884020.3670967824,632141.145959068,29620.3385030745
count,1000.0,1000.0,1000.0,1000.0
mean,8335.231018431217,184831.3738714762,202599.3003457219,8040.145909115367
std,14445.432009929247,45379.29539239767,53616.63899339586,3526.919404714578
min,0.0,97054.7136634446,65200.89750058771,2556.250438768557
25%,1588.05283104326,153116.6009277529,164303.2304377308,5646.1291060993435
50%,4289.683752670627,177696.8619165257,201684.59332829458,7295.623334818429
75%,8702.70376558225,210397.84084860663,234625.84695575657,9593.112237429046
max,246827.09282678075,411741.14575008705,401702.7692239372,34596.29911367761
count,1000.0,1000.0,1000.0,1000.0
mean,5422.977169981071,162714.32252676558,199471.39993307833,7909.697933544804
std,11274.092431997486,46007.688194289156,52395.99893965993,3494.132858941178
min,0.0,73105.68037680033,45309.43808614851,2556.250438768557
25%,398.56044893167234,133658.8948420664,163837.73555699422,5484.643772599194
50%,2090.0403128697417,154066.8550611155,196660.1964245573,7209.830903717199
75%,5649.892679257216,183296.7712466162,234320.8135076435,9471.750596313588
max,155969.89556875709,520857.4723029918,399551.46758422116,34374.21914393951
count,972.0,972.0,972.0,972.0
mean,462952.6860397697,566140.7971888629,455592.8933725893,6912.900665646573
std,147762.26975362454,76615.05203606603,91913.22927162242,3224.007536723456
min,139261.8296294932,346479.733587701,252921.4340913357,1704.808479055364
25%,383564.8647213098,514873.7891722342,394761.60884108045,4762.683979759783
50%,451378.6895411338,562179.7544014135,444989.02585124807,6244.287160217452
75%,518372.2222201786,611809.9991382163,510075.539172435,8275.719951452735
max,3172510.6032990697,1022174.0893691011,1105726.3324804066,29560.997688952404
count,1000.0,1000.0,1000.0,1000.0
mean,451.9798253606255,120233.12033222729,145031.64585841424,6382.223907464089
std,1703.3736329329554,27927.442461720435,51801.40047084823,2937.2924267349244
min,0.0,60721.814441079216,14183.928819996778,1397.9132502551338
25%,0.0,99916.07879486657,110258.04634476003,4296.635901687566
50%,0.0,116175.1779160539,144128.13761658483,5885.002980733541
75%,0.0,137044.93259197677,178391.06709760052,7729.965614216531
max,28778.288241280494,257682.94524564224,372074.48126615246,22341.34572418454
count,1000.0,1000.0,1000.0,1000.0
mean,2429.792307395751,147921.23649460397,159817.35549816905,7199.862014155073
std,6957.376417832908,39770.89449922808,49520.37754158106,3211.0575193297464
min,0.0,73813.07306191933,28967.269685830255,1757.9372201789413
25%,0.0,120219.3848600468,125050.45729420033,4965.061614983979
50%,51.95622359019205,142783.04308888808,158240.25017085538,6507.929302558718
75%,2416.1116753007727,168200.3405741541,192181.25213488267,8480.57204548055
max,112465.06859386443,647136.956140007,320312.99647882744,28185.254343196422
count,1000.0,1000.0,1000.0,1000.0
mean,1106.590124225766,132136.17500813698,212954.74480596857,8083.356677962474
std,4304.829656637437,35144.38820558669,50717.03347566518,3474.974560214638
min,0.0,63664.82273687422,67604.96110461374,2388.124161096367
25%,0.0,109383.45052659335,179044.631362547,5680.668260757433
50%,0.0,126242.71654637312,211826.34150029262,7282.2587965515995
75%,464.91325753372575,148256.15981014693,244886.92412929257,9663.463296603866
max,85115.30341595595,488370.5503427754,487835.79026462557,29757.040855079606
count,1000.0,1000.0,1000.0,1000.0
mean,44.087170239060534,77318.75932868393,176598.0094787091,4889.422798415756
std,386.43721862831416,21048.959713414035,52971.60398003563,2511.0704877423054
min,0.0,36100.113098886926,29530.986458202075,1246.3926514394261
25%,0.0,63508.08624139783,140975.67667522386,3246.571080333249
50%,0.0,74275.85377285976,176396.9745064142,4339.448304600747
75%,0.0,88155.65565446267,211789.2660957059,5926.076496349346
max,6664.918218837443,296176.65035544714,415629.9928953084,24129.641172983545
count,1000.0,1000.0,1000.0,1000.0
mean,23442.80798245146,221197.51312564083,227413.24130491097,7916.933591140769
std,26331.238523893502,55960.894859550936,51742.38776348428,3505.7373487210775
min,0.0,107005.02003978819,81428.50750943115,2513.05558125899
25%,8025.909978167384,181452.85010100814,190961.0776208431,5556.207203035638
50%,14448.203011486843,211450.85365639202,226119.00502116443,7200.809060658218
75%,30290.293380582483,253067.33160694776,261170.65793430153,9332.06350338511
max,377642.6991460168,472812.7613228224,468779.1991473892,32012.35827821549
count,1000.0,1000.0,1000.0,1000.0
mean,276.16745623621733,116154.66189115854,137662.11086240166,5687.401586871114
std,1394.0743404853126,25052.6500810834,50055.334660321256,2747.477909401775
min,0.0,59196.8920817705,3176.917966556677,1456.0974255460812
25%,0.0,98533.51882195659,101865.22998721452,3829.9757174683828
50%,0.0,113297.16875668646,135501.83728635323,5057.467925150566
75%,0.0,129967.42170035031,168490.1273614157,6856.746350426834
max,22984.7472486272,237324.17286693768,370476.46990594355,21577.32222627131
count,165.0,165.0,165.0,165.0
mean,1469965.1524660375,540040.7938248537,358386.88323275413,7475.749522347725
std,218417.99302154675,57832.08583259388,78823.9762374645,3103.024034278384
min,1054227.9423481827,420344.7302039528,209573.64977954407,2592.7486399666004
25%,1336185.795467382,504159.3719631494,305998.6186383375,5245.846740604802
50%,1433666.6877901936,537388.8770525088,349559.038686531,7040.566287302151
75%,1583510.0946821426,574874.473434736,392995.7352927433,9132.721285529746
max,2748513.169743934,899804.7795293232,673107.2317106242,19672.538424757087
count,1000.0,1000.0,1000.0,1000.0
mean,241.50870088784296,103076.19748568404,148166.7881867105,6754.674855253272
std,1366.801555533832,22883.68559932315,48583.0680031574,3181.1249443887823
min,0.0,50046.80420208246,16894.400924148948,1784.8276794162666
25%,0.0,86713.6685248858,114310.01830685367,4659.102571974201
50%,0.0,100720.13886967648,146706.51585855143,6105.779423000391
75%,0.0,117315.9143053019,180811.98207981986,8079.450514950931
max,23122.33131439838,188155.3111049134,326027.1162818324,27029.63919204465
count,0.0,0.0,0.0,0.0
mean,,,,
std,,,,
min,,,,
25%,,,,
50%,,,,
75%,,,,
max,,,,
count,0.0,0.0,0.0,0.0
mean,,,,
std,,,,
min,,,,
25%,,,,
50%,,,,
75%,,,,
max,,,,
count,575.0,575.0,575.0,575.0
mean,1356417.439401113,617866.2463061686,422103.85724061355,6999.735183230904
std,219178.24014227279,69242.20526689802,79798.83491209414,2920.03426990406
min,818889.3420041853,423520.29220690945,210524.9436035181,1792.6839607613606
25%,1225626.0581204738,573342.673431817,364254.10184535116,4953.1936673833825
50%,1335533.1761794512,612093.955280169,415715.8877115351,6500.752900262262
75%,1458399.483652125,658627.4739667603,476456.24281822995,8428.19662026843
max,3929914.0176959448,994180.3357974142,718860.7474612602,26869.448672245162
count,1000.0,1000.0,1000.0,1000.0
mean,3125.582781679927,160297.91054752818,139575.01645625176,6125.88749209924
std,7383.5695596294945,37535.242924217935,49615.78133604942,2875.7528543022163
min,0.0,80544.74040739484,3330.810115218001,1380.8538330326408
25%,0.0,135266.30888876447,104807.5468105013,4287.422637088732
50%,975.7597448075123,156978.66980890115,139601.84453892225,5432.551022357578
75%,3171.921973420293,180767.63003887486,169866.87938074247,7187.293912901827
max,70435.27505972011,358170.1238233837,348968.89941837575,29264.114570782018
count,1000.0,1000.0,1000.0,1000.0
mean,7418.067461393677,195213.52150477265,197907.68443603034,7339.517828270718
std,12493.394927019577,50062.07744912602,54786.629097641184,3422.8821533295563
min,0.0,82057.221355656,74356.52201846681,2029.537880582707
25%,1311.8801440085595,160701.37282461437,159555.94200651624,5010.435897811446
50%,3548.093282645452,188281.79382521127,196631.53310099215,6607.628453849129
75%,7465.384324045045,221396.72691529393,233940.30280188343,8818.009150893162
max,127119.92268671936,585992.584108326,481728.92608130124,40065.85421997218
count,0.0,0.0,0.0,0.0
mean,,,,
std,,,,
min,,,,
25%,,,,
50%,,,,
75%,,,,
max,,,,
count,912.0,912.0,912.0,912.0
mean,659254.8165085792,690064.1148823515,518261.4184464146,7056.797346113294
std,158771.86455084014,78467.34236091467,104838.19756619455,3311.696215511095
min,270151.77636257093,463055.8712662612,261600.20330537387,1836.4161725012314
25%,565256.3462209519,636306.2709507332,448338.18399186095,4871.716935369667
50%,644456.6941809936,686094.2271384045,507273.84579471714,6340.345066887587
75%,735310.1658512113,740735.0309773849,573914.7276868317,8418.464060694854
max,3028796.4013590626,1102751.8176575508,1072442.4183421053,30099.668678539187
count,1000.0,1000.0,1000.0,1000.0
mean,55164.698685666546,249323.5730361545,283597.5892304086,6902.110884385046
std,66961.16295646517,64074.79237747965,58049.38789988322,3160.0247361278343
min,893.9170666930229,125582.69736923462,146358.7424738673,1715.6098405847165
25%,19855.335083371345,204550.18881443297,241663.95680380845,4709.674901274346
50%,36122.40178627582,240676.64101139642,279731.57576485485,6246.805301235454
75%,67508.9532551466,282025.09492715646,319445.9250382693,8167.503849860868
max,1246299.5648734157,1053847.6129203194,579965.8212701086,25945.463949898527
count,943.0,943.0,943.0,943.0
mean,452902.56547658035,553098.125097089,461828.75177366455,6786.449902377379
std,165612.38687044123,78125.26079054389,88305.19017872257,3144.347196203195
min,100836.05876115742,360551.0833838297,195765.73192578292,1849.4946278150114
25%,360279.69564220204,498393.8457493158,402692.6145447375,4655.567107286505
50%,436372.34701203485,548740.1430198037,457317.96791155695,6076.637412867411
75%,523115.2538453868,602290.2319229827,513127.9675659775,8141.237527975016
max,2818967.861442723,890168.0475751829,906019.1161619206,25346.69844504719
count,0.0,0.0,0.0,0.0
mean,,,,
std,,,,
min,,,,
25%,,,,
50%,,,,
75%,,,,
max,,,,
count,18.0,18.0,18.0,18.0
mean,2036328.6269741,649107.2605742938,482876.8742523447,6724.026639531922
std,185086.4780058756,56458.315211589135,80986.59030245851,2201.9928644364954
min,1719970.7066950037,550671.3120308622,337270.2422650856,3308.2004264103834
25%,1911071.423237066,608778.9957521254,425493.45932912757,4981.805545676212
50%,2032927.6267076398,665185.1607844864,482396.98573581886,6781.643193604867
75%,2193538.3554548677,685073.3856147411,535868.9477028812,7938.4324401874765
max,2292040.3924428406,736698.7932327178,632275.2987747979,11265.399562314064
count,988.0,988.0,988.0,988.0
mean,270059.0319650721,370926.1827649808,327188.5793912641,6224.794326749937
std,118305.05569676371,73869.71713367871,66191.45255074298,2978.7161501760916
min,46333.65371620622,203329.31055569998,166684.8407353452,1822.4392281904231
25%,201176.81208336365,322356.3897795869,280679.4377088365,4236.363590065779
50%,258846.94210706538,364104.33701211447,324875.1163174229,5614.6042840479995
75%,329892.2462450929,411569.8442165544,368126.7411682521,7474.1184749805525
max,2304660.132373214,1273569.710161192,644358.3238763931,28002.110038554496
count,1000.0,1000.0,1000.0,1000.0
mean,110.92838522145463,111071.01986662751,126154.01027347402,6889.895214190973
std,718.6283777574099,25691.775856208715,49884.84920591275,3096.6104761216316
min,0.0,49047.08010423823,0.0,1813.8202516713518
25%,0.0,93749.44620100327,92105.23779601672,4767.158201605774
50%,0.0,108577.98670271266,124798.61274042881,6399.604963592323
75%,0.0,125385.3467723659,159553.4416454205,8313.6578211064
max,13868.080509637062,259390.7902323651,364027.95928148745,23340.02341724153
count,1000.0,1000.0,1000.0,1000.0
mean,519.9352695532693,123030.58311518125,129034.02085481733,7416.889955506012
std,1768.635179575053,28791.634537217247,50478.405514339356,3301.061126207773
min,0.0,60771.90473654482,0.0,2270.448976558164
25%,0.0,102469.14807528898,92828.90988928704,5116.752746117825
50%,0.0,118347.81225212896,128045.81044477355,6787.6311376703015
75%,0.0,140637.2004633451,162646.60890055742,8898.103598318425
max,28864.180591797856,257939.94340358695,323869.8953620753,27808.210114914928
count,32.0,32.0,32.0,32.0
mean,1873801.517330887,935702.36539082,688304.6869412914,7880.429949179382
std,189000.39117899086,63230.457950871874,117855.77289558023,3324.560138805318
min,1490984.7739694994,802667.4787248734,438335.51054044825,2807.7667669038483
25%,1733763.5313261286,897879.283256312,594216.03185787,5745.835940406714
50%,1850016.916237149,936763.4778043028,689469.4920912235,6998.925981217219
75%,2016635.4084536773,984107.3892202924,760401.3833481972,9775.571698704414
max,2200700.7439454854,1049463.8610780297,977794.9615991367,14779.327948834803
count,1000.0,1000.0,1000.0,1000.0
mean,16742.066943988517,205601.65260083182,231384.63040585417,6223.442748350406
std,23711.0104988383,56879.5694977929,56930.96478647711,2923.1022340514137
min,0.0,88702.24371658744,89132.53054651109,1478.9140737796758
25%,4291.456327985874,169026.9267834667,191510.57387720802,4325.244360210505
50%,9026.699612703622,197673.56220604107,226362.48196171733,5649.099773489965
75%,19610.982266712865,231829.16469070874,266942.96734803345,7325.776705205916
max,300140.11737750156,823135.0453398537,468916.4715965752,24875.572416672338
count,0.0,0.0,0.0,0.0
mean,,,,
std,,,,
min,,,,
25%,,,,
50%,,,,
75%,,,,
max,,,,
count,0.0,0.0,0.0,0.0
mean,,,,
std,,,,
min,,,,
25%,,,,
50%,,,,
75%,,,,
max,,,,
count,1000.0,1000.0,1000.0,1000.0
mean,137851.97183669824,359965.04434063873,346678.5360085909,6380.444637428446
std,100514.31981215301,74119.12367524157,68404.1836877535,3019.2271894883916
min,16044.132392424997,196326.62260801942,174367.73428296205,1927.1770870425557
25%,80526.44065891903,312400.1189060124,298818.48167406674,4352.49526132923
50%,120140.0421391016,351994.9016743892,342035.7590739273,5785.9150012593645
75%,173175.15578052777,401691.5778745292,390786.53480210196,7653.245943521926
max,2121409.5541078374,1229962.8024507635,636975.8202030029,28129.768904472345
count,0.0,0.0,0.0,0.0
mean,,,,
std,,,,
min,,,,
25%,,,,
50%,,,,
75%,,,,
max,,,,
count,1000.0,1000.0,1000.0,1000.0
mean,39897.73847223729,245391.13999571436,194517.6435499805,5642.484330864869
std,33551.122912769606,61262.99592456614,52146.927549544576,2498.206371034813
min,0.0,108158.12739602572,51502.61247708995,1257.4515463660946
25%,15213.417236885833,201032.75534844853,158629.1088406261,3864.3240723038152
50%,31388.17482620707,238304.54502650554,192257.2378654756,5165.143341262197
75%,55013.14170929199,279307.8666656788,228245.2144124274,6938.528009259648
max,366613.97829591646,617477.1958311413,388399.2516845808,22889.50179457218
count,0.0,0.0,0.0,0.0
mean,,,,
std,,,,
min,,,,
25%,,,,
50%,,,,
75%,,,,
max,,,,
count,1000.0,1000.0,1000.0,1000.0
mean,45317.12715911153,257828.18153889253,277331.4266956205,7129.53960008059
std,50089.39958350004,64431.414589689,60093.43971365033,3237.9423297872404
min,1867.576350514927,115887.01018280332,115848.13839690114,2019.2524650579367
25%,16770.096695697164,213320.9138806557,236356.76232668356,4963.387484958344
50%,32014.324405326173,247410.60776271537,273063.31148843816,6450.029419094944
75%,56820.42485270595,290250.6940879955,314264.2509835942,8677.26637424437
max,821616.8586787754,682252.6688736004,495803.680802059,27312.98333351497
count,0.0,0.0,0.0,0.0
mean,,,,
std,,,,
min,,,,
25%,,,,
50%,,,,
75%,,,,
max,,,,
count,1000.0,1000.0,1000.0,1000.0
mean,149.09144280989688,107882.16411109071,145489.37217197276,7771.100474221632
std,785.9944923387593,23956.173409778632,49263.003019412565,3728.9766659714
min,0.0,48228.83322769193,17526.583072977366,2162.5287213260367
25%,0.0,91179.97073805166,111079.44522969877,5341.084451392962
50%,0.0,104758.09043887377,144244.67474983615,7046.88555616444
75%,0.0,121723.50759223562,176439.15013401248,9163.138221385161
max,13849.442114891084,256750.25053040622,329654.6286660393,37081.90313872088
count,0.0,0.0,0.0,0.0
mean,,,,
std,,,,
min,,,,
25%,,,,
50%,,,,
75%,,,,
max,,,,
count,0.0,0.0,0.0,0.0
mean,,,,
std,,,,
min,,,,
25%,,,,
50%,,,,
75%,,,,
max,,,,
count,159.0,159.0,159.0,159.0
mean,1671760.6824268496,912082.0246172253,655252.5429918946,7321.338822709072
std,196346.04299907546,82872.74922196125,135437.04567159293,2704.486748387384
min,1232845.254719672,703496.9496649797,393208.39090972045,2601.3991746256715
25%,1548003.5383393846,856691.0564340411,569322.1750662784,5161.8106506834665
50%,1663059.1621747254,910025.6048538798,628478.4150991688,6932.963054216913
75%,1784984.171805424,965326.7746409107,727014.1751656681,8949.539331013959
max,2378129.113891717,1180591.3883399128,1311302.7799938368,17990.936154417785
count,436.0,436.0,436.0,436.0
mean,1159766.9572640592,462849.6531421026,309607.87971878843,7937.1155217067435
std,159612.19568953474,61011.977874117794,64975.44562758261,3336.8500484318524
min,749277.8223945053,315786.6828744434,150692.82186159125,2227.455437439599
25%,1042476.9421558103,424788.30477998155,265977.6964122351,5627.978184647794
50%,1153160.7817609794,461252.10718079953,303589.80746853765,7214.283807702537
75%,1254329.0688311975,493817.72116923163,346034.76402955723,9640.50342234353
max,1738095.812975053,821425.8927401184,524589.283165057,25462.517969258308
count,0.0,0.0,0.0,0.0
mean,,,,
std,,,,
min,,,,
25%,,,,
50%,,,,
75%,,,,
max,,,,
count,919.0,919.0,919.0,919.0
mean,571354.6897212968,549031.0089141096,441347.20288147737,6935.7505584526725
std,164302.9170488351,82639.67231163489,85682.88269910766,3273.882821520757
min,237753.3742463513,360317.2689788786,246079.8458038502,2030.4710730255779
25%,477712.1239684294,495484.62023749057,385373.49146026163,4602.8175634057625
50%,554427.0379919214,546199.032939541,430360.46707629476,6264.090497145244
75%,642618.4098241453,597613.2805707622,490203.7695079684,8461.802674543378
max,2928077.393646597,1346542.5381787284,875948.5825367436,28128.582238475243
count,1.0,1.0,1.0,1.0
mean,2582234.606967718,841269.2705718831,626694.1500130367,13412.619751352582
std,,,,
min,2582234.606967718,841269.2705718831,626694.1500130367,13412.619751352582
25%,2582234.606967718,841269.2705718831,626694.1500130367,13412.619751352582
50%,2582234.606967718,841269.2705718831,626694.1500130367,13412.619751352582
75%,2582234.606967718,841269.2705718831,626694.1500130367,13412.619751352582
max,2582234.606967718,841269.2705718831,626694.1500130367,13412.619751352582
count,0.0,0.0,0.0,0.0
mean,,,,
std,,,,
min,,,,
25%,,,,
50%,,,,
75%,,,,
max,,,,
count,1000.0,1000.0,1000.0,1000.0
mean,49.329999567314864,34706.290980779064,151432.97721818095,6201.270219284143
std,444.78979398390794,14021.014722272359,51118.861475902115,2888.7719888013917
min,0.0,12767.93755088524,14052.808588897598,1219.5561624283105
25%,0.0,26532.106346582346,116305.93858098997,4261.294776123751
50%,0.0,33376.87674170456,150608.66275742912,5577.649607441428
75%,0.0,39623.42433292999,182788.64000352667,7445.503314947187
max,8077.3597842539575,217362.277341004,345063.73723510525,23103.038070315604
count,1000.0,1000.0,1000.0,1000.0
mean,27663.030969790092,202030.42772147164,123906.7095881611,7275.763642937314
std,26452.148949765964,52825.30379173984,48588.85709850078,3473.2545561846405
min,0.0,80220.50066734917,690.8608385943625,2033.4644290627903
25%,7855.575079420475,164415.59665226843,90313.4319680601,5003.349158310105
50%,17575.69184116763,194816.93814150966,120686.57739689911,6415.080005842584
75%,40546.40503026637,231685.08399741355,155723.2423015248,8723.54997269261
max,161674.77186129038,609511.1707233909,338146.3065598124,31574.411159943516
count,0.0,0.0,0.0,0.0
mean,,,,
std,,,,
min,,,,
25%,,,,
50%,,,,
75%,,,,
max,,,,
count,1000.0,1000.0,1000.0,1000.0
mean,2711.3065175969627,158395.67644965267,157680.94464097792,6025.999822694423
std,5275.0368422494685,40590.49633361982,50194.3901978186,3059.3485360237987
min,0.0,78692.41418913373,3723.1138172572682,1598.949946975766
25%,0.0,132161.86464912805,125029.27778184606,4042.7804869603474
50%,987.5088499934816,151935.09472674344,158255.21193699332,5274.979237803151
75%,3162.1239716026294,179300.36694784567,187445.97430905252,7268.828355921656
max,48091.09143360103,425859.0917466299,495643.68504070444,38650.680188722
count,1000.0,1000.0,1000.0,1000.0
mean,836.7180741023797,124427.10143443709,145499.3199588812,6660.391397009496
std,2841.9378978971736,28882.342524087606,49343.318020475686,3028.419183248021
min,0.0,59984.2077800248,3782.3435331045366,2026.3742370320754
25%,0.0,103805.31630767514,111992.15573231172,4504.046411946712
50%,0.0,120331.22685566943,144343.4558391794,6056.952513948379
75%,0.0,139830.7817196755,179236.9125840207,7968.077303356203
max,36967.54864784854,281715.8686605841,342057.65922423056,25656.94040265443
count,1000.0,1000.0,1000.0,1000.0
mean,58.32596322759123,54936.14660308503,173210.40862088752,6408.11125166489
std,478.23011295726076,20209.137885714234,53947.11067731311,2929.4306253993104
min,0.0,21963.821799176967,29846.61076520454,1508.678035182284
25%,0.0,44730.17158738002,136225.90115698555,4454.187766653858
50%,0.0,52563.983509866026,171150.51910282276,5887.807765313284
75%,0.0,61558.24306574081,207989.71939660996,7625.011528808902
max,8078.06803073955,481267.24786047195,358259.331033554,33207.58090983933
count,1000.0,1000.0,1000.0,1000.0
mean,29844.955059438766,225923.00372713406,171500.10592313088,7911.542284068543
std,27709.13754919555,55947.81393669504,49149.33026266898,3779.765298068408
min,0.0,106456.20565282047,34891.93132424352,2280.331097676287
25%,9814.665761943434,187783.82346292332,137006.18569379175,5528.055534719015
50%,20726.88176778183,219229.3412116227,169097.9030198445,7085.501246314826
75%,40265.80532190573,254469.70348408516,203292.9653354608,9262.463197204303
max,225665.3628525123,523027.56116373144,465510.8896349472,49167.59277556053
count,821.0,821.0,821.0,821.0
mean,850798.6213675592,483148.1832926983,343372.40731968835,6532.425529798104
std,161553.08430749484,70672.29383138148,66285.46753401171,2968.010763078399
min,410287.27755618264,329530.120854795,169282.0357822096,1720.3746157993046
25%,744916.9996425747,439994.27565953217,295436.9670138643,4451.780636927718
50%,842424.6955914258,482678.4670541261,340152.490727341,6022.6581699105045
75%,943723.5511176422,519194.7065651152,383235.3580612438,7935.162222887694
max,2501505.665566532,1337751.8638727786,605742.7276356716,24038.500423171554
count,0.0,0.0,0.0,0.0
mean,,,,
std,,,,
min,,,,
25%,,,,
50%,,,,
75%,,,,
max,,,,
count,1000.0,1000.0,1000.0,1000.0
mean,1899.8519630184926,136328.62183452002,182044.23342146835,7727.09346565071
std,6023.618271554245,35077.808542701445,53603.36481923213,3382.381250196847
min,0.0,71854.98612452437,54457.48711544925,2209.419427158175
25%,0.0,110922.49816072869,143285.90284716163,5449.77950013645
50%,0.0,131126.047281843,180192.01504035795,7097.150242072425
75%,1645.290037501186,155962.590399661,214327.7197745019,9112.378366174004
max,84244.50071790004,458710.2126307428,419387.23270661396,31392.038578924003
count,1000.0,1000.0,1000.0,1000.0
mean,284.4681907773155,116021.02622675199,104686.42220283103,6025.244802417488
std,1275.534659892062,24861.57401730793,50935.834588597856,2874.243737220156
min,0.0,62065.49974090229,0.0,1462.5811952897725
25%,0.0,98368.4263727896,68177.48324512194,4155.4502243570605
50%,0.0,114312.56764104505,101573.37562495878,5442.867885855982
75%,0.0,130925.96405985262,138226.14864539297,7188.335752677318
max,22033.609138507847,238052.63985351368,283627.4301322175,26501.062193167294
count,1000.0,1000.0,1000.0,1000.0
mean,670.5719972877649,72252.34064902802,152198.57768773215,7870.649736270529
std,2516.5528821172657,26362.376440801832,50532.090282033234,3366.0044647271493
min,0.0,24187.235575846375,3442.3027114716983,2264.924133654877
25%,0.0,56866.20804577445,114798.77946282386,5492.5636702255715
50%,0.0,67164.88559161725,151185.6648211995,7239.027871887481
75%,0.0,80615.1557697903,185169.95856544955,9509.55325432893
max,24668.816432762116,331888.0985920927,334603.614614229,25955.177010708503
count,956.0,956.0,956.0,956.0
mean,522033.33777841204,531330.7578767126,420518.32389195106,7140.009515637042
std,141013.76878503067,72692.64780136166,82659.45437584523,3350.1511914824537
min,194218.93061399568,346481.8141254132,215157.61471486784,1814.3852737986776
25%,438800.3427264895,483560.37182237307,358359.2938880115,4864.661631086495
50%,508222.42782197136,529446.2487278201,417348.85131629306,6401.440495236228
75%,587319.3512757195,575035.103819711,469800.98600232776,8605.677788641817
max,2583339.332582095,914014.3726253094,866785.8024206886,30771.50751521224
count,1000.0,1000.0,1000.0,1000.0
mean,9603.703772922698,187244.82899681357,179729.1978818542,6453.159399939354
std,14432.923813223073,47754.23734542471,53248.65125016836,2963.777848287519
min,0.0,84207.39070481912,51983.8042559072,1551.6784589904441
25%,2191.7182998360267,153567.2873923851,142382.77370245854,4406.444462003153
50%,4884.338545009896,180700.2984215627,176902.83039903676,5942.3816883936415
75%,9940.400484817368,213306.30785092246,214879.56191569523,7709.364978344296
max,144443.7792592165,483679.53515532246,432537.58046509675,26971.04538071536
count,1000.0,1000.0,1000.0,1000.0
mean,228.02589724788544,109248.84338867392,148044.35922987293,7577.412922901743
std,1602.7523106502385,25938.76697279168,49813.32186197909,3360.1513036774195
min,0.0,54737.1487146697,17611.728675037062,2093.4806341108997
25%,0.0,91519.65805392028,114134.82831825604,5278.363723027374
50%,0.0,105716.15505288172,145022.03222274696,7005.18611438856
75%,0.0,124603.92883435905,180148.57644110953,9138.511906007094
max,38856.56537470616,281380.1644071158,400940.5474658909,30548.796237858354
count,0.0,0.0,0.0,0.0
mean,,,,
std,,,,
min,,,,
25%,,,,
50%,,,,
75%,,,,
max,,,,
count,833.0,833.0,833.0,833.0
mean,895575.4379810769,689412.8913139538,494532.15568771,7599.517141849053
std,189987.82201330844,85142.08054956778,98530.42316264955,3363.103972327109
min,442594.00802217826,481179.4525136866,265284.3293009836,1968.4509436685491
25%,777475.696827798,635939.5853121541,427654.74757112755,5231.936484215306
50%,884677.0653066823,684896.3214456225,486524.7922096579,6986.054300551879
75%,986929.7696539836,733034.8609943613,548489.3551640322,9102.99652271423
max,3538967.336271007,1574132.9789821527,927661.4232900685,29786.48585291444
count,0.0,0.0,0.0,0.0
mean,,,,
std,,,,
min,,,,
25%,,,,
50%,,,,
75%,,,,
max,,,,
count,37.0,37.0,37.0,37.0
mean,1484459.720593073,674358.8347125078,459355.28945429565,7294.2234252495
std,190161.00279940726,73696.83807268496,87329.98587352554,3129.1466876965683
min,1173375.0395286516,542843.0757143764,291801.10950118676,2759.695859219844
25%,1352457.552290727,618572.818461095,396451.74292366236,5352.524699926547
50%,1456645.1509580314,658224.8300195077,459140.6520420236,6940.581519037963
75%,1603754.7899778238,737493.555777102,512775.33291025506,8820.233126544075
max,2065877.9513083317,814881.7467042172,681785.9073187257,15687.810899706914
count,0.0,0.0,0.0,0.0
mean,,,,
std,,,,
min,,,,
25%,,,,
50%,,,,
75%,,,,
max,,,,
count,581.0,581.0,581.0,581.0
mean,1343341.5333904848,574884.7378057537,382536.1339713737,6742.908688369194
std,181806.77611337882,74895.95715304987,72588.9439787173,2915.6702770079173
min,899408.336254909,418858.64521788177,181441.57010500476,1839.8052671941914
25%,1217405.7682243926,530613.0444611689,330848.8189802552,4705.984395165443
50%,1338521.8525038115,569253.6307932546,377509.08103053074,6211.740279130934
75%,1462414.1990697866,610966.2614349514,427302.12223493465,8296.057772799408
max,2148932.0476655806,1471190.1269139429,694042.5405500508,27801.53087863635
count,0.0,0.0,0.0,0.0
mean,,,,
std,,,,
min,,,,
25%,,,,
50%,,,,
75%,,,,
max,,,,
count,1.0,1.0,1.0,1.0
mean,2147113.1119203595,551032.9776295114,320119.6586379013,4094.828367158468
std,,,,
min,2147113.1119203595,551032.9776295114,320119.6586379013,4094.828367158468
25%,2147113.1119203595,551032.9776295114,320119.6586379013,4094.828367158468
50%,2147113.1119203595,551032.9776295114,320119.6586379013,4094.828367158468
75%,2147113.1119203595,551032.9776295114,320119.6586379013,4094.828367158468
max,2147113.1119203595,551032.9776295114,320119.6586379013,4094.828367158468
count,1000.0,1000.0,1000.0,1000.0
mean,42210.78281623867,224614.19924149668,192939.18227029257,8045.945492910936
std,35475.34504990008,56091.79441613135,52992.26686613129,3615.6475593290147
min,717.335415254843,110739.63056988857,27736.56859233016,2404.8855773862792
25%,17201.572239687055,183296.53243660557,156919.60670367334,5575.8385843588085
50%,32468.547519087242,215926.17251188573,190739.8087267907,7337.989780748036
75%,57435.58220822744,257919.67842695556,224597.83713133365,9504.851727148362
max,369663.3892736012,463456.432008712,454102.0268349768,42781.80413053354
count,0.0,0.0,0.0,0.0
mean,,,,
std,,,,
min,,,,
25%,,,,
50%,,,,
75%,,,,
max,,,,
count,887.0,887.0,887.0,887.0
mean,709304.5452458028,546088.6364053234,408852.45682205335,7809.0777445948315
std,172671.41580947294,79753.23029823035,80147.71971528525,3465.957584013152
min,262716.2121408221,328309.5455614812,189444.73966348238,2265.958735166412
25%,611443.8154605911,495075.92454839137,354881.67636242823,5409.438402707972
50%,692211.5324242243,545642.1114608452,399935.83406472084,7053.468542513157
75%,790947.7320885519,591814.1031309804,458474.701041119,9414.443722023567
max,3623275.466169173,1640302.6611333836,875368.134118509,34696.772764117144
count,0.0,0.0,0.0,0.0
mean,,,,
std,,,,
min,,,,
25%,,,,
50%,,,,
75%,,,,
max,,,,
count,892.0,892.0,892.0,892.0
mean,612805.1403857352,734060.5122303915,564312.3604227827,7449.145560499817
std,211625.93785153146,91772.06928822868,118714.7078025579,3381.300015343343
min,220605.4704176144,498598.0128680885,324230.2739483738,2179.8031978100307
25%,510749.07448622904,673166.3499982865,483307.22228746966,5134.8609828080425
50%,592477.4596686584,735431.5527267888,546692.6000299136,6686.246870115721
75%,677628.7928169344,787714.6006200031,636358.817352884,8951.414449642501
max,4991937.1443563225,1838206.6902042495,1224920.258784809,34517.72528905143
count,1000.0,1000.0,1000.0,1000.0
mean,418.65007323410714,104680.80939539675,193504.04376091907,7749.520201424507
std,1695.0731557362908,29098.89699338428,54113.00642051743,3413.1318514310037
min,0.0,48892.72423385805,47135.20528915852,2150.8117394765245
25%,0.0,86530.14995596156,155375.8706581944,5395.978447899508
50%,0.0,99847.14636987555,191781.34112561418,7132.187308210328
75%,0.0,117689.43454510698,229247.30107090375,9293.949667887076
max,19320.311281402857,357012.1639889849,438906.2013782585,30591.298872322182
count,0.0,0.0,0.0,0.0
mean,,,,
std,,,,
min,,,,
25%,,,,
50%,,,,
75%,,,,
max,,,,
count,0.0,0.0,0.0,0.0
mean,,,,
std,,,,
min,,,,
25%,,,,
50%,,,,
75%,,,,
max,,,,
count,0.0,0.0,0.0,0.0
mean,,,,
std,,,,
min,,,,
25%,,,,
50%,,,,
75%,,,,
max,,,,
count,930.0,930.0,930.0,930.0
mean,450018.6757923626,340516.91629518935,187512.62749107607,7992.434126759216
std,101759.93247847047,66305.55718246513,51942.29748436632,3519.5147081379396
min,183014.9935256133,191046.56557450502,41691.20499687878,2228.747152570671
25%,380239.97247933946,297602.33498253237,153232.71268226564,5532.428964625967
50%,441048.19387997646,336644.6241598716,184767.58069770507,7433.12869277053
75%,518296.02877581376,377962.14925680106,219493.32187790185,9646.501106460886
max,825090.9925082177,923792.9002281621,462789.0012152463,35826.86832905874
count,0.0,0.0,0.0,0.0
mean,,,,
std,,,,
min,,,,
25%,,,,
50%,,,,
75%,,,,
max,,,,
count,1000.0,1000.0,1000.0,1000.0
mean,8.620932632118368,70620.39934287593,52349.7620064341,6480.338145105142
std,155.16058933476023,17439.101548349787,46023.835906260516,2990.3174572462813
min,0.0,28588.83317509513,0.0,1475.4268533001132
25%,0.0,58709.31571674729,1925.47223150335,4377.264986490681
50%,0.0,68507.92630813734,49620.683108932135,5902.4049644025
75%,0.0,80637.76331888266,76643.6796501767,7825.14587636388
max,4096.036887983017,171334.29466001474,253225.66440826663,23535.14628723549
count,0.0,0.0,0.0,0.0
mean,,,,
std,,,,
min,,,,
25%,,,,
50%,,,,
75%,,,,
max,,,,
count,0.0,0.0,0.0,0.0
mean,,,,
std,,,,
min,,,,
25%,,,,
50%,,,,
75%,,,,
max,,,,
count,1000.0,1000.0,1000.0,1000.0
mean,4231.988052623032,168413.25098309285,169725.555005477,6405.56688433183
std,7755.411018492382,39008.04158290716,51137.16773912214,2933.987920067772
min,0.0,80318.53754948289,35444.60668242246,1370.211534797264
25%,0.0,141423.3219854153,134694.7245120395,4426.053934416578
50%,1966.3557170123904,162350.74744156864,168396.72139019752,5782.631057864722
75%,4514.932056456354,190195.3754201636,200437.59085516213,7592.8248277998255
max,63418.0573819955,336458.8519802086,384385.92770644685,25947.36062431611
count,1000.0,1000.0,1000.0,1000.0
mean,630.1007863037033,124403.44684979772,169843.75765721884,6746.657007307582
std,2424.5484061857405,29067.098403137137,52969.522823532396,3358.4469204321363
min,0.0,59975.60399589379,16234.73482373585,1898.7395818787804
25%,0.0,103989.42958978267,135725.3590646776,4533.063189084334
50%,0.0,121382.1000472892,168453.73354346212,5977.5519954952415
75%,0.0,141658.68112437954,202275.7492727192,8083.68328520526
max,41471.97273891142,271365.76777102036,462300.29344426154,40431.0180492061
count,1000.0,1000.0,1000.0,1000.0
mean,45.74719959795594,85933.0802322846,147888.05839511592,6535.831873152899
std,390.0959511292541,25361.775237426045,50836.857565944105,2993.833118388734
min,0.0,39987.04321763385,17301.85539942104,1666.9245326031803
25%,0.0,70685.68648758432,112193.62931368998,4551.155353418831
50%,0.0,82526.6324499493,145490.8212066822,5907.10017789873
75%,0.0,96673.90069499573,179560.789663531,7886.8461870829315
max,6657.6434480501575,426885.7167813813,345902.28422836144,31020.081382070297
count,795.0,795.0,795.0,795.0
mean,983174.6294297224,751123.9199663894,534404.1896926985,7274.347339172945
std,195178.58627634888,88743.11915343298,109497.3972349981,3285.1625300196697
min,565617.2859652869,538590.821130509,282897.09474578337,1887.6046988080225
25%,859290.3387049837,696930.8446004965,464181.55081160343,5014.498568327566
50%,978807.1365044103,745568.9928107132,518382.41461899644,6624.305420646029
75%,1083839.438454941,800787.9222686549,591707.3257431706,8817.866020990728
max,3786972.5534758572,1612259.722661246,1030714.8715982249,28005.58027577024
count,383.0,383.0,383.0,383.0
mean,1530106.7173937957,886936.8242048894,609603.1167386872,6894.317106173784
std,281307.4609385482,81439.27919306516,118754.6060734328,2680.245943125304
min,1047292.7400501275,682283.8621797195,348031.47720459447,2356.272797789584
25%,1373593.3861270258,838760.6115374097,527017.6365704983,4915.7571620819745
50%,1486716.204210315,880281.953652164,595893.1761079641,6440.597437021514
75%,1648889.4374402706,928179.770955407,682668.6588811481,8347.948943326552
max,4937937.52468957,1354727.5634958611,1016553.4838384374,18652.414783554617
count,1000.0,1000.0,1000.0,1000.0
mean,20348.80230629234,187281.67792224156,261841.86028753006,8066.921734532467
std,37671.5033844474,50738.07896219652,55962.157535193306,3444.204968770659
min,0.0,72984.45355274837,124414.8442656869,2296.55274646081
25%,4454.6749286061495,152626.77268101828,222448.20018476108,5636.954946686226
50%,9871.41808627656,179822.44806577626,257945.91743292892,7278.119006956016
75%,22690.56916453389,208323.50404697176,299015.8986790859,9666.865274795427
max,614032.292513055,541691.6343694885,462646.84608589637,34239.85207840566
count,880.0,880.0,880.0,880.0
mean,705529.3090604384,505634.73745978787,379349.348057252,7482.281696744535
std,167401.46887952104,74247.77165105208,72630.03806788613,3397.3630286517796
min,315604.4023002895,313380.67724979477,175548.36720085228,1968.4509436685491
25%,601883.9654063452,455476.8401627044,328850.48273705906,5132.1179176296455
50%,691372.6617171911,504165.33829556446,375910.45395424543,6864.153741742284
75%,786646.2320018515,545686.396266991,423376.4143369358,8968.412418347101
max,3111508.8349914425,1355098.631461351,651533.0174058336,29786.48585291444
count,0.0,0.0,0.0,0.0
mean,,,,
std,,,,
min,,,,
25%,,,,
50%,,,,
75%,,,,
max,,,,
count,1000.0,1000.0,1000.0,1000.0
mean,6579.099921880948,177059.11486110193,181145.73920269712,6641.619932548804
std,11385.382614747228,42527.18367030985,52685.913864125716,2999.126542081507
min,0.0,82778.25088309005,35543.9741569161,1856.3893540975982
25%,1055.4043333174,148329.80081217544,142808.25972471232,4500.024263505083
50%,3256.910276435533,171227.11259825213,179388.0497798507,5950.948706399396
75%,6691.47276608131,201878.88134413393,214984.98119213528,8105.716103907245
max,111850.45787874819,368778.97142430145,467414.88330737595,22167.257430576235
count,1000.0,1000.0,1000.0,1000.0
mean,6230.208861161161,183127.00735451616,180991.53013621987,6374.52912701753
std,10358.830422530966,46398.67982731863,53792.00689367781,3058.6051308332308
min,0.0,85789.91391765722,51346.77649166248,1852.1859182265339
25%,831.5408333622922,151394.58370508277,144527.21446512124,4286.428420647506
50%,3026.223857622531,177191.68866547156,178674.502704118,5757.0005548985455
75%,6447.431671081504,207402.3404528935,217306.89923943297,7731.568630893375
max,98615.63439305038,419292.95131144667,364811.63555026846,31672.580593840335
count,1000.0,1000.0,1000.0,1000.0
mean,4818.490303325789,174108.89409563193,172118.16428440684,7685.119099635682
std,9031.744807833054,44256.46325831021,52463.93534175974,3565.586808818517
min,0.0,83011.71453079056,15408.153740095393,2193.8795012373275
25%,0.0,145672.14831415753,135747.89034391183,5289.868455717044
50%,1983.4088350693905,168832.81434111163,169224.92098677787,7008.286115910277
75%,5038.2833844067,194245.3461401351,207004.95178672555,9226.830177092248
max,61537.87593333254,589257.719438592,346274.22828898346,51201.7428712519
count,1000.0,1000.0,1000.0,1000.0
mean,28538.709322266735,212728.00837982536,197028.4558794355,7305.507309560627
std,29368.80728097848,56566.87050692894,54127.24028116641,3403.122282384781
min,0.0,90889.8771655804,46124.503536296084,1856.421065213611
25%,10312.947781862918,174102.7378678935,160742.15335863357,4999.323195863963
50%,18697.84520289409,206341.81310297674,194956.629461626,6691.820290613738
75%,38186.45676442445,242774.78077319768,230751.35239132406,8861.134446787662
max,391797.79295482364,741261.0014685526,417846.4384188606,36580.76489994497
count,0.0,0.0,0.0,0.0
mean,,,,
std,,,,
min,,,,
25%,,,,
50%,,,,
75%,,,,
max,,,,
count,959.0,959.0,959.0,959.0
mean,523111.64796351816,673125.3013712302,528485.5537682131,7630.3193857219185
std,176691.55185777415,83059.51394198759,110652.34105596671,3490.657367384615
min,116832.59494222939,425231.9148388475,290798.35167771194,1753.5510299747225
25%,425034.23977357976,620875.0697702969,453732.7489157672,5332.225117021893
50%,507606.97089034924,667075.8136409104,516115.3342643745,6888.479891079247
75%,593542.7327498568,723556.5226735952,588570.1673940031,9123.94029246808
max,3670228.012846607,1168780.376998474,1127320.00522211,35770.60777038743
count,0.0,0.0,0.0,0.0
mean,,,,
std,,,,
min,,,,
25%,,,,
50%,,,,
75%,,,,
max,,,,
count,1000.0,1000.0,1000.0,1000.0
mean,2901.3481693617086,136938.5008478231,209166.99208677435,6990.586374633036
std,8574.639810145914,35228.87040118064,53212.089529843935,3270.675322572635
min,0.0,64220.39360081921,32309.58379834301,2141.14857175589
25%,0.0,112339.00782741007,170874.326790433,4839.160200860238
50%,475.4186004707147,132909.35560999264,208734.33056765076,6299.496345095473
75%,2735.05073593265,156485.76291726422,245988.66665842227,8341.682967138451
max,137184.47499127395,385463.03293045197,410055.7289659688,33587.56848953574
count,1000.0,1000.0,1000.0,1000.0
mean,7382.6388038646965,175846.06299730236,131419.8210507119,7886.944172057022
std,11872.920856371924,43326.50344777106,50485.220750537825,3302.7626570792186
min,0.0,82854.87285429677,2607.2689453692865,2146.002969475728
25%,1338.8186280761925,145605.1785911761,95890.84467528916,5524.824907750485
50%,3434.015606105374,171084.35517702822,129066.8436991123,7282.746801190125
75%,7639.02230697234,198479.34949081237,164194.02889369137,9492.053391132038
max,98621.13964883245,370220.2732251323,299061.8231873601,30819.31269675598
count,0.0,0.0,0.0,0.0
mean,,,,
std,,,,
min,,,,
25%,,,,
50%,,,,
75%,,,,
max,,,,
count,0.0,0.0,0.0,0.0
mean,,,,
std,,,,
min,,,,
25%,,,,
50%,,,,
75%,,,,
max,,,,
count,0.0,0.0,0.0,0.0
mean,,,,
std,,,,
min,,,,
25%,,,,
50%,,,,
75%,,,,
max,,,,
count,678.0,678.0,678.0,678.0
mean,1190370.6409386087,824867.306892261,570182.1588270066,7332.583045864354
std,225420.4367295768,79153.5549876448,118569.63222255792,3094.1489926149316
min,661814.0797962595,641263.6433411743,318292.32378907816,1857.4390932680576
25%,1064464.2238672809,772209.0131523411,491858.71883098606,5145.7489617884075
50%,1164242.540395686,820041.6101844187,552890.2932341058,6760.877321885424
75%,1294349.2477262223,871856.2223021884,628897.7559565557,8903.869692403501
max,4264795.508323325,1304814.194152872,1203226.2287954106,26947.190625649015
count,1000.0,1000.0,1000.0,1000.0
mean,36032.088512959286,224919.2222434166,201906.9172945958,7118.409415795548
std,33128.63534607561,58947.72518333406,54839.90976135465,3329.680218091315
min,0.0,108400.59281063393,63465.52273744764,1856.421065213611
25%,14211.946999068583,182703.30354339012,162782.65698829817,4895.091494508313
50%,25004.00254535314,216698.34869940928,200511.89344336605,6511.314231584543
75%,50170.40305196206,257035.25750971213,235240.07517970604,8615.621054710151
max,381828.60605103866,635799.1031144098,419680.3350042212,36580.76489994497
count,1000.0,1000.0,1000.0,1000.0
mean,2652.801843039438,152891.38195771872,154717.9308035041,7257.288395522881
std,6616.987716692315,37693.01231578865,51800.1873661635,3120.851581425611
min,0.0,76494.33498942245,10678.837002383178,2040.7288569842756
25%,0.0,126410.10459635814,116692.68144119473,5108.256735689504
50%,361.609367689779,147612.84196836723,152182.68330264388,6661.228043006683
75%,2792.1049747695383,174035.57333424126,188989.6516616756,8791.542478318024
max,69572.67064437605,351526.2977185786,408210.9799844738,21843.49951117295
count,0.0,0.0,0.0,0.0
mean,,,,
std,,,,
min,,,,
25%,,,,
50%,,,,
75%,,,,
max,,,,
count,0.0,0.0,0.0,0.0
mean,,,,
std,,,,
min,,,,
25%,,,,
50%,,,,
75%,,,,
max,,,,
count,1.0,1.0,1.0,1.0
mean,2296601.2731603896,806162.4580956236,468479.0421157675,3913.2706816784735
std,,,,
min,2296601.2731603896,806162.4580956236,468479.0421157675,3913.2706816784735
25%,2296601.2731603896,806162.4580956236,468479.0421157675,3913.2706816784735
50%,2296601.2731603896,806162.4580956236,468479.0421157675,3913.2706816784735
75%,2296601.2731603896,806162.4580956236,468479.0421157675,3913.2706816784735
max,2296601.2731603896,806162.4580956236,468479.0421157675,3913.2706816784735
count,2.0,2.0,2.0,2.0
mean,2104982.496452176,580595.3456475362,411440.5360795484,6409.72098360682
std,289654.73606297787,21251.99644719362,90746.24716050476,3689.9130550378322
min,1900165.6683792446,565567.9148459733,347273.24934512505,3800.5584404007977
25%,2002574.0824157102,573081.6302467547,379356.89271233673,5105.139712003808
50%,2104982.496452176,580595.3456475362,411440.5360795484,6409.72098360682
75%,2207390.9104886414,588109.0610483178,443524.17944676016,7714.30225520983
max,2309799.324525107,595622.7764490993,475607.82281397184,9018.88352681284
count,1000.0,1000.0,1000.0,1000.0
mean,5159.723729404313,170090.87045801943,170220.22391808542,7428.127437665353
std,9834.675784330573,41259.16987378888,50679.37462772064,3331.1505639459315
min,0.0,83443.82404865089,27221.16715996967,1913.5421079028088
25%,0.0,142163.99845675917,134791.33243609307,5073.20156223189
50%,2289.660943133913,165834.39172550204,167183.76107218518,6821.169172669981
75%,5225.447396235564,191865.30020838825,203337.2114213159,8926.579433489527
max,86439.79155399799,414655.155709534,414523.6781837449,32800.34400664664
count,1000.0,1000.0,1000.0,1000.0
mean,2309.4761115622714,130194.02378375933,207440.4794630763,6996.3288684298095
std,7556.239058361912,34654.60164108537,53927.16599288558,3021.1216579987845
min,0.0,61201.20987108405,34695.37267220675,1896.7451738086415
25%,0.0,108405.44851540073,167971.83197726932,4883.161578974682
50%,113.1071117338486,124415.72095014289,207588.04928820074,6390.501432722883
75%,2018.3036852701284,146486.15844875472,241196.2320010169,8462.26955216268
max,120405.19504482725,508145.9238006212,427255.92814638343,21092.67322770907
count,79.0,79.0,79.0,79.0
mean,1805607.7594199965,789726.7224055026,526937.3899864487,7222.468788902256
std,183772.7990809003,70689.4698674873,99621.17806066619,2966.322936128903
min,1475274.5630731268,645305.4125896229,317418.4675090349,2114.679835605916
25%,1670281.9418045576,746205.4558420954,451514.75222067547,5377.716339127206
50%,1816551.1066855753,790977.8097480838,529114.1832960178,6720.5959925764055
75%,1929878.0637128074,834884.4881150429,589723.9248708587,8957.65878289561
max,2284982.4158724663,954031.8995169131,810232.3484422009,18059.444168238966
count,1000.0,1000.0,1000.0,1000.0
mean,104172.77741362741,292261.83901993686,295095.4129179001,5865.042194064257
std,88551.27238556462,65951.20677374714,60959.33064622551,2613.129274634832
min,9426.93822781881,154709.1183936547,149582.26318835665,1539.7142183270323
25%,55888.26513748082,246809.76905183593,252674.80008010883,4016.8631519427036
50%,89941.0911585392,286804.3212700621,290950.61566437583,5270.656172820571
75%,129980.94480177505,329595.09117091616,334182.4882678265,7110.690812259761
max,1826387.2574046617,864030.1897141716,556360.6596423432,21016.638340895282
count,54.0,54.0,54.0,54.0
mean,1387398.8508605743,789608.2149598323,565368.2849607249,6770.646048708646
std,177414.81331269594,72229.79135801084,111853.6202667529,3032.1366901373167
min,952794.578658009,673630.9870663424,342380.16216434806,2418.3441616353252
25%,1283304.8218072976,747932.0293103459,485720.9358433064,4741.130718556495
50%,1395067.3395494565,780477.9220396476,563636.4509622857,6208.791279387386
75%,1497653.9572699536,808607.8553001966,631877.9335663773,8086.229220770134
max,1780950.897442797,1134763.8989253787,882779.7328710689,16807.810651287957
count,640.0,640.0,640.0,640.0
mean,1273017.2826724122,578305.1956460098,377585.57729724067,7027.820753805337
std,220480.9222919842,74625.49605744264,75231.0208996544,3081.5786628945316
min,750993.6590878118,401684.7627208072,188142.1344812503,1863.182198499267
25%,1136640.7728654551,532228.5132503269,322494.282443613,4871.095794356769
50%,1253113.6527721938,572186.2146759003,370235.07314663165,6472.561836594391
75%,1390183.7079610843,610058.1850377311,421013.9422210549,8578.505128587507
max,4256976.4075382985,1449895.2831216322,730925.4043712353,25950.487864631592
count,1000.0,1000.0,1000.0,1000.0
mean,206.51851916349355,106310.97823578781,201438.0449169029,7983.135764825557
std,1229.2079627834855,29851.960988722603,51680.00583777409,3238.533230951427
min,0.0,45736.44998952761,55442.25495967762,2701.301449932752
25%,0.0,87819.56787978753,163776.92698153836,5584.447186025801
50%,0.0,101460.09934809711,200054.72016136,7409.244739161949
75%,0.0,118763.39618126025,236500.47223857575,9592.685517569873
max,19323.97073918503,420420.9119946233,395290.5666299326,23722.435954539593
count,1000.0,1000.0,1000.0,1000.0
mean,4356.230690985564,179539.18240371984,211804.42263011195,6675.611230944371
std,7984.524382357017,45568.215741589345,50832.735972684386,3057.766009027297
min,0.0,87661.90872926268,57745.711246229475,1416.6224021181085
25%,0.0,147361.76595411135,177982.42117755298,4682.066244696897
50%,2070.0552202684594,173527.40500039834,210540.09549384913,5989.314421817
75%,4856.753070290049,204424.73879502586,242705.9371425975,7923.717096397493
max,89675.04070341449,524697.7654659619,406386.14882026636,24719.83285844728
count,1000.0,1000.0,1000.0,1000.0
mean,41308.81168592517,228456.0659899822,222874.54806643084,6645.76508137475
std,34922.427622109935,57243.23920426145,50766.19953365409,3065.695232877827
min,0.0,106162.79293700303,66403.1019441234,1745.8043176057954
25%,16797.48807968272,186633.24528231242,186939.13518398744,4504.469594881752
50%,31121.789280133486,219846.16251915324,220467.70586421632,6038.610687595221
75%,57404.60907478372,261929.57292589394,256560.46278142283,7910.894271890089
max,346209.8095168297,456395.6252137397,418445.34474842437,26647.976560986343
count,1000.0,1000.0,1000.0,1000.0
mean,79.99270441375023,102522.8145210349,153086.47020404585,7264.069988222167
std,511.4684703725354,25679.92845832797,51178.06097128174,3366.8754802685926
min,0.0,52191.08963192376,6447.304781104356,2203.591042338725
25%,0.0,86015.99680712086,117480.9657139602,5018.943007486123
50%,0.0,98800.25322313563,149869.21177562018,6639.504471406686
75%,0.0,115117.47800080205,184012.94130862344,8646.232156316051
max,6215.5293002747385,346321.0496185541,442862.6417482437,43810.59295417025
count,0.0,0.0,0.0,0.0
mean,,,,
std,,,,
min,,,,
25%,,,,
50%,,,,
75%,,,,
max,,,,
